NO;HOBO;DATA1;DATA2;ERROR1;ERROR2;AKURASI1;AKURASI2
1;0.0058;0.0067;0.0074;15.23;27.32;84.77;72.68
2;0.0058;0.0067;0.0068;15.23;17.64;84.77;82.36
3;0.0058;0.0086;0.0066;48.71;13.79;51.29;86.21
4;0.0058;0.0067;0.0066;15.23;13.79;84.77;86.21
5;0.0066;0.0066;0.0066;0.00;0.00;100.00;100.00
6;0.0066;0.0066;0.0066;0.00;0.00;100.00;100.00
7;0.0066;0.0066;0.0066;0.00;0.00;100.00;100.00
8;0.0066;0.0066;0.0066;0.00;0.00;100.00;100.00
9;0.0066;0.0066;0.0066;0.00;0.00;100.00;100.00
10;0.0066;0.0066;0.0066;0.00;0.00;100.00;100.00
11;0.0066;0.0066;0.0066;0.00;0.00;100.00;100.00
12;0.0066;0.0066;0.0066;0.00;0.00;100.00;100.00
13;0.0066;0.0066;0.0066;0.00;0.00;100.00;100.00
14;0.0066;0.0066;0.0066;0.00;0.00;100.00;100.00
15;0.0066;0.0066;0.0066;0.00;0.00;100.00;100.00
16;0.0066;0.0066;0.0066;0.00;0.00;100.00;100.00
17;0.0066;0.0066;0.0066;0.00;0.00;100.00;100.00
18;0.0066;0.0066;0.0066;0.00;0.00;100.00;100.00
19;0.0066;0.0066;0.0066;0.00;0.00;100.00;100.00
20;0.0066;0.0066;0.0066;0.00;0.00;100.00;100.00
21;0.0066;0.0072;0.0068;8.62;3.38;91.38;96.62
22;0.0066;0.0066;0.0066;0.00;0.00;100.00;100.00
23;0.0066;0.0066;0.0066;0.00;0.00;100.00;100.00
24;0.0066;0.0072;0.0066;8.62;0.00;91.38;100.00
25;0.0066;0.0067;0.0066;1.27;0.00;98.73;100.00
26;0.0066;0.0067;0.0066;1.27;0.00;98.73;100.00
27;0.0066;0.0067;0.0066;1.27;0.00;98.73;100.00
28;0.0066;0.0066;0.0068;0.00;3.38;100.00;96.62
29;0.0066;0.0066;0.0066;0.00;0.00;100.00;100.00
30;0.0066;0.0066;0.0066;0.00;0.00;100.00;100.00
31;0.0066;0.0067;0.0066;1.27;0.00;98.73;100.00
32;0.0066;0.0066;0.0066;0.00;0.00;100.00;100.00
33;0.0066;0.0066;0.0066;0.00;0.00;100.00;100.00
34;0.0066;0.0066;0.0066;0.00;0.00;100.00;100.00
35;0.0066;0.0066;0.0068;0.00;3.38;100.00;96.62
36;0.0066;0.0066;0.0066;0.00;0.00;100.00;100.00
37;0.0066;0.0066;0.0066;0.00;0.00;100.00;100.00
38;0.0066;0.0066;0.0066;0.00;0.00;100.00;100.00
39;0.0066;0.0066;0.0066;0.00;0.00;100.00;100.00
40;0.0066;0.0066;0.0066;0.00;0.00;100.00;100.00
41;0.0066;0.0066;0.0079;0.00;20.38;100.00;79.62
42;0.0066;0.0066;0.0066;0.00;0.00;100.00;100.00
43;0.0066;0.0066;0.0066;0.00;0.00;100.00;100.00
44;0.0066;0.0066;0.0066;0.00;0.00;100.00;100.00
45;0.0066;0.0066;0.0066;0.00;0.00;100.00;100.00
46;0.0066;0.0066;0.0066;0.00;0.00;100.00;100.00
47;0.0066;0.0066;0.0068;0.00;3.38;100.00;96.62
48;0.0066;0.0066;0.0068;0.00;3.38;100.00;96.62
49;0.0066;0.0066;0.0066;0.00;0.00;100.00;100.00
50;0.0066;0.0066;0.0066;0.00;0.00;100.00;100.00
51;0.0066;0.0066;0.0066;0.00;0.00;100.00;100.00
52;0.0066;0.0066;0.0096;0.00;45.88;100.00;54.12
53;0.0066;0.0067;0.0066;1.27;0.00;98.73;100.00
54;0.0066;0.0066;0.0066;0.00;0.00;100.00;100.00
55;0.0066;0.0066;0.0068;0.00;3.38;100.00;96.62
56;0.0066;0.0066;0.0066;0.00;0.00;100.00;100.00
57;0.0066;0.0066;0.0066;0.00;0.00;100.00;100.00
58;0.0066;0.0066;0.0066;0.00;0.00;100.00;100.00
59;0.0066;0.0067;0.0068;1.27;3.38;98.73;96.62
60;0.0066;0.0066;0.0066;0.00;0.00;100.00;100.00
61;0.0066;0.0066;0.0066;0.00;0.00;100.00;100.00
62;0.0066;0.0066;0.0066;0.00;0.00;100.00;100.00
63;0.0066;0.0066;0.0068;0.00;3.38;100.00;96.62
64;0.0066;0.0066;0.0066;0.00;0.00;100.00;100.00
65;0.0066;0.0066;0.0066;0.00;0.00;100.00;100.00
66;0.0066;0.0066;0.0068;0.00;3.38;100.00;96.62
67;0.0066;0.0066;0.0066;0.00;0.00;100.00;100.00
68;0.0066;0.0066;0.0066;0.00;0.00;100.00;100.00
69;0.0066;0.0066;0.0074;0.00;11.88;100.00;88.12
70;0.0066;0.0066;0.0066;0.00;0.00;100.00;100.00
71;0.0066;0.0077;0.0066;15.98;0.00;84.02;100.00
72;0.0066;0.0067;0.0068;1.27;3.38;98.73;96.62
73;0.0066;0.0066;0.0066;0.00;0.00;100.00;100.00
74;0.0066;0.0067;0.0066;1.27;0.00;98.73;100.00
75;0.0066;0.0066;0.0074;0.00;11.88;100.00;88.12
76;0.0066;0.0067;0.0066;1.27;0.00;98.73;100.00
77;0.0066;0.0066;0.0066;0.00;0.00;100.00;100.00
78;0.0066;0.0066;0.0066;0.00;0.00;100.00;100.00
79;0.0066;0.0066;0.0066;0.00;0.00;100.00;100.00
80;0.0066;0.0066;0.0068;0.00;3.38;100.00;96.62
81;0.0066;0.0072;0.0066;8.62;0.00;91.38;100.00
82;0.0066;0.0066;0.0066;0.00;0.00;100.00;100.00
83;0.0066;0.0066;0.0066;0.00;0.00;100.00;100.00
84;0.0066;0.0066;0.0085;0.00;28.88;100.00;71.12
85;0.0066;0.0066;0.0066;0.00;0.00;100.00;100.00
86;0.0066;0.0066;0.0066;0.00;0.00;100.00;100.00
87;0.0066;0.0067;0.0066;1.27;0.00;98.73;100.00
88;0.0066;0.0066;0.0066;0.00;0.00;100.00;100.00
89;0.0066;0.0066;0.0074;0.00;11.88;100.00;88.12
90;0.0066;0.0081;0.0066;23.33;0.00;76.67;100.00
91;0.0066;0.0066;0.0074;0.00;11.88;100.00;88.12
92;0.0066;0.0066;0.0066;0.00;0.00;100.00;100.00
93;0.0066;0.0067;0.0066;1.27;0.00;98.73;100.00
94;0.0066;0.0066;0.0091;0.00;37.38;100.00;62.62
95;0.0066;0.0072;0.0068;8.62;3.38;91.38;96.62
96;0.0066;0.0066;0.0068;0.00;3.38;100.00;96.62
97;0.0066;0.0067;0.0066;1.27;0.00;98.73;100.00
98;0.0066;0.0066;0.0079;0.00;20.38;100.00;79.62
99;0.0066;0.0066;0.0066;0.00;0.00;100.00;100.00
100;0.0066;0.0066;0.0068;0.00;3.38;100.00;96.62
101;0.0066;0.0067;0.0066;1.27;0.00;98.73;100.00
102;0.0066;0.0066;0.0068;0.00;3.38;100.00;96.62
103;0.0066;0.0067;0.0066;1.27;0.00;98.73;100.00
104;0.0066;0.0067;0.0066;1.27;0.00;98.73;100.00
105;0.0066;0.0066;0.0068;0.00;3.38;100.00;96.62
106;0.0066;0.0072;0.0068;8.62;3.38;91.38;96.62
107;0.0066;0.0066;0.0066;0.00;0.00;100.00;100.00
108;0.0066;0.0067;0.0079;1.27;20.38;98.73;79.62
109;0.0066;0.0067;0.0068;1.27;3.38;98.73;96.62
110;0.0066;0.0072;0.0068;8.62;3.38;91.38;96.62
111;0.0066;0.0066;0.0074;0.00;11.88;100.00;88.12
112;0.0066;0.0066;0.0066;0.00;0.00;100.00;100.00
113;0.0066;0.0066;0.0066;0.00;0.00;100.00;100.00
114;0.0066;0.0067;0.0066;1.27;0.00;98.73;100.00
115;0.0066;0.0077;0.0066;15.98;0.00;84.02;100.00
116;0.0066;0.0081;0.0074;23.33;11.88;76.67;88.12
117;0.0066;0.0067;0.0066;1.27;0.00;98.73;100.00
118;0.0066;0.0067;0.0068;1.27;3.38;98.73;96.62
119;0.0066;0.0066;0.0066;0.00;0.00;100.00;100.00
120;0.0066;0.0067;0.0068;1.27;3.38;98.73;96.62
121;0.0066;0.0072;0.0066;8.62;0.00;91.38;100.00
122;0.0066;0.0066;0.0091;0.00;37.38;100.00;62.62
123;0.0066;0.0067;0.0074;1.27;11.88;98.73;88.12
124;0.0066;0.0077;0.0068;15.98;3.38;84.02;96.62
125;0.0066;0.0077;0.0079;15.98;20.38;84.02;79.62
126;0.0066;0.0072;0.0085;8.62;28.88;91.38;71.12
127;0.0066;0.0072;0.0074;8.62;11.88;91.38;88.12
128;0.0066;0.0072;0.0079;8.62;20.38;91.38;79.62
129;0.0066;0.0077;0.0068;15.98;3.38;84.02;96.62
130;0.0066;0.0072;0.0066;8.62;0.00;91.38;100.00
131;0.0066;0.0066;0.0079;0.00;20.38;100.00;79.62
132;0.0066;0.0081;0.0085;23.33;28.88;76.67;71.12
133;0.0066;0.0066;0.0066;0.00;0.00;100.00;100.00
134;0.0066;0.0077;0.0085;15.98;28.88;84.02;71.12
135;0.0066;0.0072;0.0096;8.62;45.88;91.38;54.12
136;0.0066;0.0066;0.0074;0.00;11.88;100.00;88.12
137;0.0066;0.0086;0.0066;30.69;0.00;69.31;100.00
138;0.0066;0.0081;0.0068;23.33;3.38;76.67;96.62
139;0.0066;0.0066;0.0066;0.00;0.00;100.00;100.00
140;0.0066;0.0067;0.0066;1.27;0.00;98.73;100.00
141;0.0066;0.0081;0.0066;23.33;0.00;76.67;100.00
142;0.0066;0.0081;0.0066;23.33;0.00;76.67;100.00
143;0.0066;0.0072;0.0066;8.62;0.00;91.38;100.00
144;0.0066;0.0077;0.0085;15.98;28.88;84.02;71.12
145;0.0066;0.0081;0.0068;23.33;3.38;76.67;96.62
146;0.0066;0.0066;0.0091;0.00;37.38;100.00;62.62
147;0.0066;0.0066;0.0079;0.00;20.38;100.00;79.62
148;0.0066;0.0077;0.0068;15.98;3.38;84.02;96.62
149;0.0066;0.0072;0.0068;8.62;3.38;91.38;96.62
150;0.0066;0.0067;0.0079;1.27;20.38;98.73;79.62
151;0.0066;0.0072;0.0091;8.62;37.38;91.38;62.62
152;0.0066;0.0066;0.0079;0.00;20.38;100.00;79.62
153;0.0066;0.0067;0.0085;1.27;28.88;98.73;71.12
154;0.0066;0.0066;0.0066;0.00;0.00;100.00;100.00
155;0.0066;0.0072;0.0074;8.62;11.88;91.38;88.12
156;0.0066;0.0077;0.0068;15.98;3.38;84.02;96.62
157;0.0066;0.0067;0.0068;1.27;3.38;98.73;96.62
158;0.0066;0.0067;0.0085;1.27;28.88;98.73;71.12
159;0.0066;0.0072;0.0074;8.62;11.88;91.38;88.12
160;0.0066;0.0072;0.0066;8.62;0.00;91.38;100.00
161;0.0066;0.0077;0.0068;15.98;3.38;84.02;96.62
162;0.0066;0.0066;0.0066;0.00;0.00;100.00;100.00
163;0.0066;0.0072;0.0066;8.62;0.00;91.38;100.00
164;0.0066;0.0077;0.0074;15.98;11.88;84.02;88.12
165;0.0066;0.0081;0.0066;23.33;0.00;76.67;100.00
166;0.0066;0.0077;0.0066;15.98;0.00;84.02;100.00
167;0.0066;0.0072;0.0074;8.62;11.88;91.38;88.12
168;0.0066;0.0081;0.0066;23.33;0.00;76.67;100.00
169;0.0066;0.0077;0.0074;15.98;11.88;84.02;88.12
170;0.0066;0.0066;0.0091;0.00;37.38;100.00;62.62
171;0.0066;0.0067;0.0091;1.27;37.38;98.73;62.62
172;0.0066;0.0067;0.0091;1.27;37.38;98.73;62.62
173;0.0066;0.0067;0.0068;1.27;3.38;98.73;96.62
174;0.0066;0.0081;0.0074;23.33;11.88;76.67;88.12
175;0.0066;0.0067;0.0096;1.27;45.88;98.73;54.12
176;0.0066;0.0066;0.0068;0.00;3.38;100.00;96.62
177;0.0066;0.0081;0.0068;23.33;3.38;76.67;96.62
178;0.0066;0.0067;0.0068;1.27;3.38;98.73;96.62
179;0.0066;0.0072;0.0074;8.62;11.88;91.38;88.12
180;0.0066;0.0072;0.0074;8.62;11.88;91.38;88.12
181;0.0066;0.0077;0.0068;15.98;3.38;84.02;96.62
182;0.0066;0.0077;0.0066;15.98;0.00;84.02;100.00
183;0.0066;0.0066;0.0066;0.00;0.00;100.00;100.00
184;0.0066;0.0077;0.0108;15.98;62.88;84.02;37.12
185;0.0066;0.0081;0.0074;23.33;11.88;76.67;88.12
186;0.0066;0.0077;0.0066;15.98;0.00;84.02;100.00
187;0.0066;0.0091;0.0068;38.04;3.38;61.96;96.62
188;0.0066;0.0086;0.0079;30.69;20.38;69.31;79.62
189;0.0066;0.0077;0.0079;15.98;20.38;84.02;79.62
190;0.0066;0.0081;0.0079;23.33;20.38;76.67;79.62
191;0.0066;0.0067;0.0066;1.27;0.00;98.73;100.00
192;0.0066;0.0096;0.0091;45.40;37.38;54.60;62.62
193;0.0066;0.0081;0.0066;23.33;0.00;76.67;100.00
194;0.0066;0.0067;0.0074;1.27;11.88;98.73;88.12
195;0.0066;0.0077;0.0085;15.98;28.88;84.02;71.12
196;0.0066;0.0066;0.0085;0.00;28.88;100.00;71.12
197;0.0066;0.0072;0.0068;8.62;3.38;91.38;96.62
198;0.0066;0.0066;0.0085;0.00;28.88;100.00;71.12
199;0.0066;0.0077;0.0079;15.98;20.38;84.02;79.62
200;0.0066;0.0077;0.0066;15.98;0.00;84.02;100.00
201;0.0066;0.0067;0.0091;1.27;37.38;98.73;62.62
202;0.0066;0.0091;0.0079;38.04;20.38;61.96;79.62
203;0.0066;0.0066;0.0066;0.00;0.00;100.00;100.00
204;0.0066;0.0066;0.0066;0.00;0.00;100.00;100.00
205;0.0066;0.0081;0.0068;23.33;3.38;76.67;96.62
206;0.0066;0.0067;0.0068;1.27;3.38;98.73;96.62
207;0.0066;0.0077;0.0074;15.98;11.88;84.02;88.12
208;0.0066;0.0077;0.0066;15.98;0.00;84.02;100.00
209;0.0066;0.0086;0.0074;30.69;11.88;69.31;88.12
210;0.0066;0.0077;0.0079;15.98;20.38;84.02;79.62
211;0.0066;0.0067;0.0074;1.27;11.88;98.73;88.12
212;0.0066;0.0067;0.0068;1.27;3.38;98.73;96.62
213;0.0066;0.0081;0.0085;23.33;28.88;76.67;71.12
214;0.0066;0.0077;0.0068;15.98;3.38;84.02;96.62
215;0.0066;0.0077;0.0068;15.98;3.38;84.02;96.62
216;0.0066;0.0086;0.0066;30.69;0.00;69.31;100.00
217;0.0066;0.0072;0.0066;8.62;0.00;91.38;100.00
218;0.0066;0.0091;0.0074;38.04;11.88;61.96;88.12
219;0.0066;0.0086;0.0068;30.69;3.38;69.31;96.62
220;0.0066;0.0077;0.0079;15.98;20.38;84.02;79.62
221;0.0066;0.0096;0.0079;45.40;20.38;54.60;79.62
222;0.0066;0.0086;0.0074;30.69;11.88;69.31;88.12
223;0.0066;0.0066;0.0068;0.00;3.38;100.00;96.62
224;0.0066;0.0077;0.0068;15.98;3.38;84.02;96.62
225;0.0066;0.0066;0.0068;0.00;3.38;100.00;96.62
226;0.0066;0.0077;0.0085;15.98;28.88;84.02;71.12
227;0.0066;0.0072;0.0066;8.62;0.00;91.38;100.00
228;0.0066;0.0072;0.0085;8.62;28.88;91.38;71.12
229;0.0066;0.0067;0.0068;1.27;3.38;98.73;96.62
230;0.0066;0.0066;0.0085;0.00;28.88;100.00;71.12
231;0.0066;0.0077;0.0079;15.98;20.38;84.02;79.62
232;0.0066;0.0072;0.0066;8.62;0.00;91.38;100.00
233;0.0066;0.0077;0.0074;15.98;11.88;84.02;88.12
234;0.0066;0.0072;0.0102;8.62;54.38;91.38;45.62
235;0.0066;0.0067;0.0074;1.27;11.88;98.73;88.12
236;0.0066;0.0077;0.0096;15.98;45.88;84.02;54.12
237;0.2186;0.2213;0.2177;1.24;0.39;98.76;99.61
238;0.2194;0.2203;0.2213;0.40;0.86;99.60;99.14
239;0.2194;0.2212;0.2213;0.84;0.85;99.16;99.15
240;0.2194;0.2208;0.2213;0.62;0.86;99.38;99.14
241;0.2194;0.2213;0.2205;0.85;0.52;99.15;99.48
242;0.2194;0.2213;0.2213;0.86;0.84;99.14;99.16
243;0.2194;0.2213;0.2205;0.85;0.52;99.15;99.48
244;0.2194;0.2212;0.2183;0.84;0.50;99.16;99.50
245;0.2194;0.2213;0.2213;0.87;0.84;99.13;99.16
246;0.2194;0.2208;0.2205;0.62;0.52;99.38;99.48
247;0.2194;0.2212;0.2213;0.84;0.86;99.16;99.14
248;0.2194;0.2208;0.2200;0.62;0.27;99.38;99.73
249;0.2194;0.2203;0.2194;0.40;0.01;99.60;99.99
250;0.2194;0.2203;0.2200;0.40;0.27;99.60;99.73
251;0.2194;0.2213;0.2189;0.85;0.25;99.15;99.75
252;0.2201;0.2213;0.2213;0.53;0.55;99.47;99.45
253;0.2201;0.2212;0.2213;0.52;0.55;99.48;99.45
254;0.2201;0.2213;0.2213;0.55;0.53;99.45;99.47
255;0.2201;0.2213;0.2213;0.54;0.53;99.46;99.47
256;0.2201;0.2212;0.2213;0.52;0.52;99.48;99.48
257;0.2201;0.2213;0.2200;0.55;0.05;99.45;99.95
258;0.2201;0.2198;0.2213;0.14;0.52;99.86;99.48
259;0.2201;0.2212;0.2205;0.52;0.20;99.48;99.80
260;0.2201;0.2208;0.2213;0.30;0.52;99.70;99.48
261;0.2201;0.2203;0.2200;0.08;0.05;99.92;99.95
262;0.2201;0.2208;0.2213;0.30;0.52;99.70;99.48
263;0.2201;0.2213;0.2213;0.54;0.53;99.46;99.47
264;0.2201;0.2174;0.2213;1.24;0.56;98.76;99.44
265;0.2208;0.2213;0.2213;0.24;0.23;99.76;99.77
266;0.2208;0.2193;0.2213;0.67;0.20;99.33;99.80
267;0.2208;0.2208;0.2211;0.01;0.14;99.99;99.86
268;0.2208;0.2193;0.2205;0.67;0.12;99.33;99.88
269;0.2215;0.2213;0.2213;0.09;0.10;99.91;99.90
270;0.2215;0.2203;0.2213;0.55;0.10;99.45;99.90
271;0.2215;0.2213;0.2200;0.11;0.68;99.89;99.32
272;0.2215;0.2208;0.2213;0.33;0.10;99.67;99.90
273;0.2215;0.2213;0.2213;0.09;0.11;99.91;99.89
274;0.2215;0.2213;0.2205;0.11;0.43;99.89;99.57
275;0.2215;0.2213;0.2211;0.09;0.18;99.91;99.82
276;0.2215;0.2212;0.2213;0.12;0.11;99.88;99.89
277;0.2215;0.2213;0.2211;0.08;0.18;99.92;99.82
278;0.2215;0.2213;0.2189;0.08;1.19;99.92;98.81
279;0.2215;0.2208;0.2189;0.33;1.19;99.67;98.81
280;0.2215;0.2208;0.2189;0.33;1.19;99.67;98.81
281;0.2215;0.2212;0.2213;0.12;0.10;99.88;99.90
282;0.2215;0.2213;0.2213;0.09;0.11;99.91;99.89
283;0.2215;0.2198;0.2205;0.77;0.43;99.23;99.57
284;0.2215;0.2213;0.2211;0.11;0.18;99.89;99.82
285;0.2215;0.2212;0.2213;0.12;0.10;99.88;99.90
286;0.2215;0.2203;0.2189;0.55;1.19;99.45;98.81
287;0.2215;0.2213;0.2205;0.09;0.43;99.91;99.57
288;0.2215;0.2203;0.2211;0.55;0.18;99.45;99.82
289;0.2215;0.2203;0.2177;0.55;1.70;99.45;98.30
290;0.2215;0.2212;0.2200;0.12;0.68;99.88;99.32
291;0.2215;0.2208;0.2211;0.33;0.18;99.67;99.82
292;0.2215;0.2208;0.2205;0.33;0.43;99.67;99.57
293;0.2215;0.2208;0.2205;0.33;0.43;99.67;99.57
294;0.2215;0.2203;0.2213;0.55;0.11;99.45;99.89
295;0.2215;0.2203;0.2213;0.55;0.11;99.45;99.89
296;0.2215;0.2212;0.2205;0.12;0.43;99.88;99.57
297;0.2215;0.2208;0.2205;0.33;0.43;99.67;99.57
298;0.2215;0.2212;0.2189;0.12;1.19;99.88;98.81
299;0.2215;0.2213;0.2213;0.11;0.09;99.89;99.91
300;0.2215;0.2203;0.2213;0.55;0.09;99.45;99.91
301;0.2215;0.2208;0.2213;0.33;0.09;99.67;99.91
302;0.2215;0.2203;0.2213;0.55;0.11;99.45;99.89
303;0.2215;0.2208;0.2205;0.33;0.43;99.67;99.57
304;0.2215;0.2212;0.2213;0.12;0.09;99.88;99.91
305;0.2215;0.2213;0.2200;0.09;0.68;99.91;99.32
306;0.2215;0.2208;0.2211;0.33;0.18;99.67;99.82
307;0.2215;0.2208;0.2189;0.33;1.19;99.67;98.81
308;0.2215;0.2213;0.2213;0.08;0.11;99.92;99.89
309;0.2215;0.2213;0.2205;0.11;0.43;99.89;99.57
310;0.2215;0.2213;0.2194;0.08;0.94;99.92;99.06
311;0.2215;0.2213;0.2213;0.09;0.11;99.91;99.89
312;0.2215;0.2213;0.2200;0.11;0.68;99.89;99.32
313;0.2215;0.2203;0.2205;0.55;0.43;99.45;99.57
314;0.2215;0.2212;0.2205;0.12;0.43;99.88;99.57
315;0.2215;0.2208;0.2200;0.33;0.68;99.67;99.32
316;0.2215;0.2208;0.2205;0.33;0.43;99.67;99.57
317;0.2215;0.2213;0.2205;0.11;0.43;99.89;99.57
318;0.2215;0.2213;0.2205;0.11;0.43;99.89;99.57
319;0.2215;0.2212;0.2205;0.12;0.43;99.88;99.57
320;0.2215;0.2213;0.2189;0.11;1.19;99.89;98.81
321;0.2215;0.2208;0.2200;0.33;0.68;99.67;99.32
322;0.2215;0.2213;0.2205;0.09;0.43;99.91;99.57
323;0.2215;0.2213;0.2205;0.09;0.43;99.91;99.57
324;0.2215;0.2198;0.2213;0.77;0.11;99.23;99.89
325;0.2215;0.2208;0.2213;0.33;0.09;99.67;99.91
326;0.2215;0.2213;0.2213;0.11;0.10;99.89;99.90
327;0.2215;0.2213;0.2213;0.09;0.11;99.91;99.89
328;0.2215;0.2212;0.2213;0.12;0.11;99.88;99.89
329;0.2215;0.2208;0.2213;0.33;0.08;99.67;99.92
330;0.2215;0.2213;0.2213;0.11;0.09;99.89;99.91
331;0.2215;0.2174;0.2213;1.86;0.08;98.14;99.92
332;0.2223;0.2193;0.2213;1.34;0.47;98.66;99.53
333;0.2223;0.2213;0.2213;0.46;0.47;99.54;99.53
334;0.2223;0.2213;0.2211;0.46;0.54;99.54;99.46
335;0.2223;0.2214;0.2211;0.42;0.54;99.58;99.46
336;0.2223;0.2212;0.2213;0.48;0.47;99.52;99.53
337;0.2223;0.2208;0.2189;0.69;1.55;99.31;98.45
338;0.2223;0.2208;0.2213;0.69;0.47;99.31;99.53
339;0.2223;0.2213;0.2213;0.46;0.45;99.54;99.55
340;0.2223;0.2213;0.2205;0.46;0.79;99.54;99.21
341;0.2223;0.2213;0.2183;0.46;1.80;99.54;98.20
342;0.2223;0.2193;0.2213;1.34;0.47;98.66;99.53
343;0.2223;0.2212;0.2211;0.48;0.54;99.52;99.46
344;0.2223;0.2213;0.2200;0.45;1.04;99.55;98.96
345;0.2223;0.2208;0.2213;0.69;0.46;99.31;99.54
346;0.2230;0.2203;0.2211;1.22;0.85;98.78;99.15
347;0.2230;0.2214;0.2200;0.73;1.35;99.27;98.65
348;0.2230;0.2214;0.2200;0.73;1.35;99.27;98.65
349;0.2230;0.2213;0.2200;0.78;1.35;99.22;98.65
350;0.2230;0.2203;0.2213;1.22;0.77;98.78;99.23
351;0.2230;0.2213;0.2211;0.78;0.85;99.22;99.15
352;0.2230;0.2213;0.2211;0.77;0.85;99.23;99.15
353;0.2230;0.2203;0.2194;1.22;1.60;98.78;98.40
354;0.2252;0.2267;0.2268;0.65;0.72;99.35;99.28
355;0.2252;0.2267;0.2267;0.66;0.68;99.34;99.32
356;0.2252;0.2267;0.2268;0.66;0.73;99.34;99.27
357;0.2252;0.2267;0.2268;0.66;0.69;99.34;99.31
358;0.2252;0.2266;0.2269;0.64;0.74;99.36;99.26
359;0.2252;0.2268;0.2268;0.72;0.72;99.28;99.28
360;0.2252;0.2269;0.2268;0.77;0.72;99.23;99.28
361;0.2252;0.2270;0.2269;0.78;0.74;99.22;99.26
362;0.2259;0.2267;0.2268;0.35;0.40;99.65;99.60
363;0.2259;0.2266;0.2268;0.33;0.40;99.67;99.60
364;0.2259;0.2266;0.2268;0.33;0.39;99.67;99.61
365;0.2259;0.2267;0.2268;0.34;0.39;99.66;99.61
366;0.2259;0.2266;0.2268;0.31;0.40;99.69;99.60
367;0.2259;0.2266;0.2268;0.33;0.39;99.67;99.61
368;0.2259;0.2267;0.2268;0.35;0.40;99.65;99.60
369;0.2259;0.2266;0.2268;0.32;0.41;99.68;99.59
370;0.2259;0.2266;0.2269;0.33;0.43;99.67;99.57
371;0.2259;0.2266;0.2269;0.30;0.43;99.70;99.57
372;0.2259;0.2268;0.2269;0.38;0.44;99.62;99.56
373;0.2259;0.2267;0.2269;0.37;0.43;99.63;99.57
374;0.2259;0.2267;0.2268;0.37;0.41;99.63;99.59
375;0.2259;0.2268;0.2268;0.40;0.40;99.60;99.60
376;0.2259;0.2268;0.2268;0.38;0.40;99.62;99.60
377;0.2259;0.2269;0.2268;0.43;0.41;99.57;99.59
378;0.2259;0.2267;0.2268;0.36;0.42;99.64;99.58
379;0.2259;0.2268;0.2268;0.38;0.41;99.62;99.59
380;0.2259;0.2268;0.2268;0.39;0.41;99.61;99.59
381;0.2259;0.2268;0.2269;0.41;0.43;99.59;99.57
382;0.2259;0.2268;0.2268;0.38;0.40;99.62;99.60
383;0.2259;0.2269;0.2269;0.42;0.43;99.58;99.57
384;0.2259;0.2268;0.2268;0.40;0.41;99.60;99.59
385;0.2259;0.2267;0.2268;0.36;0.40;99.64;99.60
386;0.2259;0.2267;0.2268;0.37;0.42;99.63;99.58
387;0.2259;0.2268;0.2269;0.39;0.43;99.61;99.57
388;0.2259;0.2266;0.2269;0.32;0.45;99.68;99.55
389;0.2259;0.2268;0.2269;0.39;0.46;99.61;99.54
390;0.2259;0.2268;0.2269;0.40;0.43;99.60;99.57
391;0.2259;0.2269;0.2268;0.42;0.40;99.58;99.60
392;0.2259;0.2269;0.2268;0.46;0.41;99.54;99.59
393;0.2259;0.2268;0.2268;0.40;0.42;99.60;99.58
394;0.2259;0.2269;0.2268;0.46;0.42;99.54;99.58
395;0.2259;0.2269;0.2268;0.42;0.41;99.58;99.59
396;0.2259;0.2269;0.2268;0.44;0.41;99.56;99.59
397;0.2259;0.2268;0.2268;0.41;0.42;99.59;99.58
398;0.2259;0.2268;0.2268;0.40;0.41;99.60;99.59
399;0.2259;0.2269;0.2268;0.42;0.42;99.58;99.58
400;0.2259;0.2269;0.2268;0.43;0.41;99.57;99.59
401;0.2259;0.2268;0.2268;0.40;0.41;99.60;99.59
402;0.2259;0.2268;0.2269;0.39;0.43;99.61;99.57
403;0.2259;0.2268;0.2269;0.40;0.44;99.60;99.56
404;0.2259;0.2269;0.2269;0.42;0.45;99.58;99.55
405;0.2259;0.2268;0.2269;0.39;0.45;99.61;99.55
406;0.2259;0.2267;0.2269;0.36;0.45;99.64;99.55
407;0.2259;0.2269;0.2269;0.42;0.46;99.58;99.54
408;0.2259;0.2269;0.2269;0.43;0.44;99.57;99.56
409;0.2259;0.2269;0.2269;0.44;0.45;99.56;99.55
410;0.2259;0.2269;0.2269;0.44;0.44;99.56;99.56
411;0.2259;0.2270;0.2269;0.48;0.43;99.52;99.57
412;0.2259;0.2269;0.2269;0.46;0.43;99.54;99.57
413;0.2259;0.2269;0.2268;0.43;0.42;99.57;99.58
414;0.2259;0.2268;0.2268;0.40;0.42;99.60;99.58
415;0.2259;0.2270;0.2268;0.50;0.41;99.50;99.59
416;0.2259;0.2269;0.2268;0.44;0.42;99.56;99.58
417;0.2259;0.2270;0.2268;0.51;0.41;99.49;99.59
418;0.2259;0.2270;0.2268;0.51;0.41;99.49;99.59
419;0.2259;0.2270;0.2269;0.51;0.43;99.49;99.57
420;0.2259;0.2270;0.2268;0.48;0.42;99.52;99.58
421;0.2259;0.2270;0.2268;0.47;0.42;99.53;99.58
422;0.2259;0.2270;0.2269;0.48;0.43;99.52;99.57
423;0.2259;0.2269;0.2268;0.46;0.42;99.54;99.58
424;0.2259;0.2269;0.2268;0.46;0.40;99.54;99.60
425;0.2259;0.2270;0.2268;0.48;0.42;99.52;99.58
426;0.2259;0.2269;0.2269;0.46;0.44;99.54;99.56
427;0.2259;0.2269;0.2269;0.44;0.45;99.56;99.55
428;0.2259;0.2270;0.2270;0.47;0.48;99.53;99.52
429;0.2259;0.2270;0.2268;0.49;0.42;99.51;99.58
430;0.2259;0.2270;0.2269;0.47;0.44;99.53;99.56
431;0.2259;0.2270;0.2268;0.49;0.38;99.51;99.62
432;0.2259;0.2269;0.2268;0.42;0.42;99.58;99.58
433;0.2259;0.2269;0.2268;0.44;0.41;99.56;99.59
434;0.2259;0.2270;0.2268;0.47;0.40;99.53;99.60
435;0.2259;0.2270;0.2269;0.49;0.44;99.51;99.56
436;0.2266;0.2266;0.2268;0.02;0.10;99.98;99.90
437;0.2266;0.2267;0.2268;0.05;0.09;99.95;99.91
438;0.2266;0.2266;0.2268;0.00;0.08;100.00;99.92
439;0.2266;0.2266;0.2268;0.01;0.09;99.99;99.91
440;0.2266;0.2266;0.2268;0.00;0.10;100.00;99.90
441;0.2266;0.2267;0.2268;0.04;0.10;99.96;99.90
442;0.2266;0.2268;0.2269;0.09;0.11;99.91;99.89
443;0.2266;0.2268;0.2269;0.10;0.13;99.90;99.87
444;0.2266;0.2268;0.2268;0.10;0.10;99.90;99.90
445;0.2266;0.2269;0.2268;0.13;0.10;99.87;99.90
446;0.2266;0.2269;0.2269;0.14;0.14;99.86;99.86
447;0.2266;0.2269;0.2268;0.14;0.10;99.86;99.90
448;0.2266;0.2270;0.2269;0.17;0.12;99.83;99.88
449;0.2266;0.2270;0.2268;0.17;0.10;99.83;99.90
450;0.2266;0.2269;0.2269;0.12;0.11;99.88;99.89
451;0.2266;0.2269;0.2268;0.11;0.11;99.89;99.89
452;0.2266;0.2267;0.2268;0.06;0.09;99.94;99.91
453;0.2266;0.2269;0.2268;0.11;0.11;99.89;99.89
454;0.2266;0.2269;0.2268;0.12;0.10;99.88;99.90
455;0.2266;0.2268;0.2268;0.10;0.09;99.90;99.91
456;0.2266;0.2270;0.2269;0.17;0.13;99.83;99.87
457;0.2266;0.2270;0.2268;0.17;0.11;99.83;99.89
458;0.2266;0.2270;0.2269;0.16;0.12;99.84;99.88
459;0.2266;0.2269;0.2268;0.14;0.11;99.86;99.89
460;0.2266;0.2270;0.2269;0.16;0.14;99.84;99.86
461;0.2266;0.2269;0.2269;0.12;0.11;99.88;99.89
462;0.2266;0.2269;0.2268;0.14;0.09;99.86;99.91
463;0.2266;0.2269;0.2268;0.12;0.10;99.88;99.90
464;0.2266;0.2269;0.2269;0.13;0.14;99.87;99.86
465;0.2266;0.2269;0.2270;0.11;0.16;99.89;99.84
466;0.2266;0.2269;0.2269;0.14;0.14;99.86;99.86
467;0.2266;0.2270;0.2269;0.17;0.13;99.83;99.87
468;0.2266;0.2270;0.2269;0.18;0.12;99.82;99.88
469;0.2266;0.2270;0.2269;0.16;0.11;99.84;99.89
470;0.2266;0.2270;0.2268;0.18;0.10;99.82;99.90
471;0.2266;0.2270;0.2268;0.16;0.10;99.84;99.90
472;0.2274;0.2267;0.2268;0.32;0.28;99.68;99.72
473;0.2274;0.2266;0.2268;0.35;0.26;99.65;99.74
474;0.2274;0.2266;0.2268;0.35;0.26;99.65;99.74
475;0.2274;0.2266;0.2268;0.33;0.25;99.67;99.75
476;0.2274;0.2266;0.2269;0.33;0.24;99.67;99.76
477;0.2274;0.2267;0.2269;0.30;0.23;99.70;99.77
478;0.2274;0.2266;0.2269;0.33;0.24;99.67;99.76
479;0.2274;0.2267;0.2269;0.32;0.22;99.68;99.78
480;0.2274;0.2267;0.2269;0.32;0.23;99.68;99.77
481;0.2274;0.2267;0.2268;0.31;0.24;99.69;99.76
482;0.2274;0.2269;0.2268;0.23;0.24;99.77;99.76
483;0.2274;0.2267;0.2268;0.30;0.27;99.70;99.73
484;0.2274;0.2267;0.2268;0.29;0.25;99.71;99.75
485;0.2274;0.2270;0.2268;0.20;0.25;99.80;99.75
486;0.2274;0.2268;0.2268;0.26;0.26;99.74;99.74
487;0.2274;0.2268;0.2268;0.26;0.24;99.74;99.76
488;0.2274;0.2267;0.2268;0.29;0.25;99.71;99.75
489;0.2274;0.2267;0.2268;0.30;0.26;99.70;99.74
490;0.2274;0.2268;0.2268;0.28;0.26;99.72;99.74
491;0.2274;0.2268;0.2269;0.27;0.24;99.73;99.76
492;0.2274;0.2267;0.2268;0.32;0.26;99.68;99.74
493;0.2274;0.2268;0.2268;0.28;0.25;99.72;99.75
494;0.2274;0.2268;0.2269;0.28;0.24;99.72;99.76
495;0.2274;0.2267;0.2269;0.30;0.23;99.70;99.77
496;0.2274;0.2267;0.2268;0.29;0.25;99.71;99.75
497;0.2274;0.2268;0.2269;0.26;0.23;99.74;99.77
498;0.2274;0.2268;0.2269;0.26;0.24;99.74;99.76
499;0.2274;0.2269;0.2269;0.24;0.22;99.76;99.78
500;0.2274;0.2268;0.2269;0.27;0.24;99.73;99.76
501;0.2274;0.2269;0.2268;0.24;0.24;99.76;99.76
502;0.2274;0.2268;0.2269;0.25;0.24;99.75;99.76
503;0.2274;0.2268;0.2269;0.25;0.24;99.75;99.76
504;0.2274;0.2268;0.2268;0.26;0.24;99.74;99.76
505;0.2274;0.2269;0.2268;0.24;0.26;99.76;99.74
506;0.2274;0.2268;0.2269;0.26;0.24;99.74;99.76
507;0.2274;0.2269;0.2269;0.24;0.24;99.76;99.76
508;0.2274;0.2269;0.2269;0.22;0.23;99.78;99.77
509;0.2274;0.2269;0.2269;0.21;0.24;99.79;99.76
510;0.2274;0.2269;0.2268;0.21;0.25;99.79;99.75
511;0.2274;0.2268;0.2268;0.26;0.24;99.74;99.76
512;0.2274;0.2269;0.2268;0.23;0.25;99.77;99.75
513;0.2274;0.2268;0.2268;0.25;0.26;99.75;99.74
514;0.2274;0.2269;0.2268;0.23;0.24;99.77;99.76
515;0.2274;0.2269;0.2268;0.24;0.24;99.76;99.76
516;0.2274;0.2269;0.2268;0.24;0.24;99.76;99.76
517;0.2274;0.2268;0.2268;0.26;0.24;99.74;99.76
518;0.2274;0.2268;0.2268;0.25;0.25;99.75;99.75
519;0.2274;0.2269;0.2268;0.23;0.25;99.77;99.75
520;0.2274;0.2269;0.2268;0.24;0.24;99.76;99.76
521;0.2274;0.2270;0.2269;0.19;0.21;99.81;99.79
522;0.2274;0.2268;0.2269;0.25;0.23;99.75;99.77
523;0.2274;0.2270;0.2269;0.19;0.23;99.81;99.77
524;0.2274;0.2270;0.2269;0.20;0.23;99.80;99.77
525;0.2274;0.2270;0.2269;0.19;0.23;99.81;99.77
526;0.2274;0.2270;0.2268;0.20;0.24;99.80;99.76
527;0.2274;0.2270;0.2268;0.20;0.26;99.80;99.74
528;0.2274;0.2270;0.2268;0.19;0.26;99.81;99.74
529;0.2274;0.2269;0.2268;0.22;0.24;99.78;99.76
530;0.2274;0.2270;0.2269;0.18;0.23;99.82;99.77
531;0.2274;0.2269;0.2269;0.23;0.24;99.77;99.76
532;0.2274;0.2269;0.2268;0.24;0.26;99.76;99.74
533;0.2274;0.2270;0.2269;0.17;0.23;99.83;99.77
534;0.2274;0.2269;0.2269;0.21;0.23;99.79;99.77
535;0.2274;0.2270;0.2269;0.20;0.23;99.80;99.77
536;0.2274;0.2270;0.2269;0.17;0.23;99.83;99.77
537;0.2274;0.2270;0.2268;0.19;0.25;99.81;99.75
538;0.2274;0.2271;0.2269;0.13;0.23;99.87;99.77
539;0.2274;0.2271;0.2269;0.12;0.23;99.88;99.77
540;0.2274;0.2270;0.2269;0.19;0.24;99.81;99.76
541;0.2274;0.2271;0.2268;0.12;0.25;99.88;99.75
542;0.2274;0.2270;0.2268;0.17;0.24;99.83;99.76
543;0.2274;0.2271;0.2269;0.15;0.23;99.85;99.77
544;0.2274;0.2271;0.2268;0.15;0.25;99.85;99.75
545;0.2274;0.2270;0.2268;0.18;0.25;99.82;99.75
546;0.2274;0.2270;0.2268;0.17;0.25;99.83;99.75
547;0.2281;0.2268;0.2268;0.58;0.55;99.42;99.45
548;0.2281;0.2268;0.2268;0.57;0.56;99.43;99.44
549;0.2281;0.2269;0.2268;0.54;0.55;99.46;99.45
550;0.2281;0.2268;0.2268;0.56;0.56;99.44;99.44
551;0.2281;0.2270;0.2268;0.50;0.55;99.50;99.45
552;0.2281;0.2268;0.2268;0.57;0.56;99.43;99.44
553;0.2281;0.2268;0.2269;0.56;0.54;99.44;99.46
554;0.2281;0.2269;0.2268;0.53;0.56;99.47;99.44
555;0.2281;0.2269;0.2269;0.51;0.54;99.49;99.46
556;0.2281;0.2269;0.2269;0.51;0.53;99.49;99.47
557;0.2281;0.2269;0.2269;0.54;0.52;99.46;99.48
558;0.2281;0.2268;0.2269;0.57;0.52;99.43;99.48
559;0.2281;0.2269;0.2269;0.53;0.51;99.47;99.49
560;0.2281;0.2270;0.2269;0.49;0.53;99.51;99.47
561;0.2281;0.2270;0.2268;0.49;0.55;99.51;99.45
562;0.2281;0.2270;0.2268;0.47;0.55;99.53;99.45
563;0.2281;0.2270;0.2269;0.49;0.52;99.51;99.48
564;0.2281;0.2270;0.2269;0.49;0.54;99.51;99.46
565;0.2281;0.2270;0.2269;0.50;0.53;99.50;99.47
566;0.2281;0.2271;0.2269;0.45;0.53;99.55;99.47
567;0.2288;0.2269;0.2269;0.82;0.82;99.18;99.18
568;0.2288;0.2269;0.2269;0.82;0.81;99.18;99.19
569;0.2288;0.2270;0.2269;0.81;0.84;99.19;99.16
570;0.2288;0.2270;0.2269;0.80;0.83;99.20;99.17
571;0.2288;0.2270;0.2269;0.81;0.83;99.19;99.17
572;0.2295;0.2266;0.2267;1.26;1.20;98.74;98.80
573;0.2295;0.2267;0.2268;1.22;1.17;98.78;98.83
574;0.2295;0.2267;0.2268;1.21;1.17;98.79;98.83
575;0.2295;0.2267;0.2268;1.22;1.18;98.78;98.82
576;0.2295;0.2270;0.2269;1.10;1.14;98.90;98.86
577;0.2303;0.2267;0.2268;1.55;1.52;98.45;98.48
578;0.2477;0.2370;0.2306;4.32;6.92;95.68;93.08
579;0.2477;0.2370;0.2305;4.31;6.93;95.69;93.07
580;0.2477;0.2371;0.2306;4.28;6.92;95.72;93.08
581;0.2477;0.2371;0.2306;4.27;6.91;95.73;93.09
582;0.2477;0.2371;0.2306;4.28;6.89;95.72;93.11
583;0.2477;0.2370;0.2306;4.30;6.89;95.70;93.11
584;0.2477;0.2372;0.2306;4.25;6.89;95.75;93.11
585;0.2477;0.2370;0.2306;4.30;6.90;95.70;93.10
586;0.2477;0.2371;0.2307;4.26;6.88;95.74;93.12
587;0.2477;0.2371;0.2306;4.26;6.89;95.74;93.11
588;0.2477;0.2372;0.2306;4.25;6.89;95.75;93.11
589;0.2477;0.2371;0.2306;4.27;6.91;95.73;93.09
590;0.2477;0.2372;0.2306;4.25;6.89;95.75;93.11
591;0.2477;0.2371;0.2306;4.27;6.89;95.73;93.11
592;0.2477;0.2372;0.2306;4.23;6.91;95.77;93.09
593;0.2477;0.2372;0.2306;4.24;6.89;95.76;93.11
594;0.2477;0.2372;0.2306;4.23;6.89;95.77;93.11
595;0.2477;0.2371;0.2306;4.26;6.90;95.74;93.10
596;0.2477;0.2372;0.2306;4.22;6.90;95.78;93.10
597;0.2477;0.2372;0.2306;4.24;6.90;95.76;93.10
598;0.2477;0.2372;0.2306;4.23;6.91;95.77;93.09
599;0.2477;0.2372;0.2306;4.25;6.92;95.75;93.08
600;0.2477;0.2371;0.2306;4.27;6.90;95.73;93.10
601;0.2477;0.2371;0.2306;4.27;6.90;95.73;93.10
602;0.2477;0.2372;0.2306;4.24;6.89;95.76;93.11
603;0.2477;0.2372;0.2306;4.25;6.91;95.75;93.09
604;0.2477;0.2372;0.2306;4.25;6.90;95.75;93.10
605;0.2477;0.2371;0.2306;4.28;6.91;95.72;93.09
606;0.2477;0.2371;0.2306;4.27;6.89;95.73;93.11
607;0.2477;0.2371;0.2306;4.26;6.89;95.74;93.11
608;0.2477;0.2371;0.2307;4.26;6.87;95.74;93.13
609;0.2477;0.2372;0.2306;4.25;6.90;95.75;93.10
610;0.2477;0.2371;0.2307;4.26;6.88;95.74;93.12
611;0.2477;0.2371;0.2306;4.27;6.89;95.73;93.11
612;0.2477;0.2371;0.2307;4.28;6.88;95.72;93.12
613;0.2477;0.2372;0.2306;4.25;6.89;95.75;93.11
614;0.2477;0.2372;0.2306;4.24;6.90;95.76;93.10
615;0.2477;0.2372;0.2306;4.22;6.91;95.78;93.09
616;0.2484;0.2372;0.2305;4.51;7.19;95.49;92.81
617;0.2484;0.2370;0.2305;4.57;7.19;95.43;92.81
618;0.2484;0.2370;0.2305;4.57;7.19;95.43;92.81
619;0.2484;0.2371;0.2305;4.55;7.21;95.45;92.79
620;0.2484;0.2370;0.2305;4.58;7.20;95.42;92.80
621;0.2484;0.2370;0.2306;4.58;7.17;95.42;92.83
622;0.2484;0.2370;0.2305;4.58;7.20;95.42;92.80
623;0.2484;0.2370;0.2305;4.58;7.19;95.42;92.81
624;0.2484;0.2370;0.2305;4.59;7.20;95.41;92.80
625;0.2484;0.2370;0.2305;4.60;7.20;95.40;92.80
626;0.2484;0.2369;0.2305;4.64;7.20;95.36;92.80
627;0.2484;0.2372;0.2305;4.51;7.19;95.49;92.81
628;0.2484;0.2372;0.2306;4.50;7.18;95.50;92.82
629;0.2484;0.2371;0.2305;4.56;7.20;95.44;92.80
630;0.2484;0.2371;0.2306;4.55;7.18;95.45;92.82
631;0.2484;0.2370;0.2306;4.57;7.18;95.43;92.82
632;0.2484;0.2371;0.2305;4.54;7.19;95.46;92.81
633;0.2484;0.2371;0.2306;4.56;7.18;95.44;92.82
634;0.2484;0.2370;0.2306;4.59;7.18;95.41;92.82
635;0.2484;0.2371;0.2306;4.56;7.17;95.44;92.83
636;0.2484;0.2370;0.2305;4.59;7.19;95.41;92.81
637;0.2484;0.2370;0.2306;4.57;7.18;95.43;92.82
638;0.2484;0.2371;0.2306;4.56;7.18;95.44;92.82
639;0.2484;0.2369;0.2305;4.62;7.21;95.38;92.79
640;0.2484;0.2369;0.2305;4.62;7.21;95.38;92.79
641;0.2484;0.2370;0.2306;4.60;7.18;95.40;92.82
642;0.2484;0.2370;0.2306;4.58;7.17;95.42;92.83
643;0.2484;0.2370;0.2306;4.58;7.18;95.42;92.82
644;0.2484;0.2370;0.2305;4.57;7.20;95.43;92.80
645;0.2484;0.2370;0.2305;4.58;7.20;95.42;92.80
646;0.2484;0.2371;0.2306;4.56;7.18;95.44;92.82
647;0.2484;0.2370;0.2306;4.60;7.18;95.40;92.82
648;0.2484;0.2370;0.2305;4.57;7.19;95.43;92.81
649;0.2484;0.2370;0.2305;4.60;7.19;95.40;92.81
650;0.2484;0.2369;0.2306;4.62;7.18;95.38;92.82
651;0.2484;0.2371;0.2306;4.56;7.17;95.44;92.83
652;0.2484;0.2370;0.2306;4.59;7.18;95.41;92.82
653;0.2484;0.2370;0.2306;4.60;7.18;95.40;92.82
654;0.2484;0.2370;0.2306;4.57;7.17;95.43;92.83
655;0.2484;0.2370;0.2306;4.59;7.16;95.41;92.84
656;0.2484;0.2370;0.2306;4.57;7.16;95.43;92.84
657;0.2484;0.2371;0.2306;4.56;7.17;95.44;92.83
658;0.2484;0.2370;0.2306;4.57;7.17;95.43;92.83
659;0.2484;0.2371;0.2306;4.56;7.18;95.44;92.82
660;0.2484;0.2372;0.2306;4.51;7.16;95.49;92.84
661;0.2484;0.2371;0.2305;4.53;7.19;95.47;92.81
662;0.2484;0.2372;0.2306;4.52;7.17;95.48;92.83
663;0.2484;0.2371;0.2306;4.55;7.18;95.45;92.82
664;0.2484;0.2372;0.2306;4.50;7.16;95.50;92.84
665;0.2484;0.2371;0.2306;4.53;7.18;95.47;92.82
666;0.2484;0.2371;0.2306;4.54;7.17;95.46;92.83
667;0.2484;0.2371;0.2306;4.53;7.16;95.47;92.84
668;0.2484;0.2371;0.2306;4.56;7.15;95.44;92.85
669;0.2484;0.2370;0.2306;4.58;7.16;95.42;92.84
670;0.2484;0.2370;0.2305;4.58;7.19;95.42;92.81
671;0.2484;0.2371;0.2306;4.56;7.17;95.44;92.83
672;0.2484;0.2370;0.2305;4.57;7.19;95.43;92.81
673;0.2484;0.2369;0.2306;4.62;7.17;95.38;92.83
674;0.2484;0.2369;0.2306;4.62;7.17;95.38;92.83
675;0.2484;0.2371;0.2306;4.55;7.18;95.45;92.82
676;0.2484;0.2370;0.2306;4.57;7.16;95.43;92.84
677;0.2484;0.2371;0.2305;4.54;7.19;95.46;92.81
678;0.2484;0.2370;0.2306;4.57;7.17;95.43;92.83
679;0.2484;0.2370;0.2305;4.58;7.20;95.42;92.80
680;0.2484;0.2370;0.2306;4.58;7.18;95.42;92.82
681;0.2484;0.2370;0.2306;4.57;7.18;95.43;92.82
682;0.2484;0.2370;0.2306;4.58;7.18;95.42;92.82
683;0.2484;0.2371;0.2306;4.53;7.17;95.47;92.83
684;0.2484;0.2371;0.2307;4.53;7.14;95.47;92.86
685;0.2484;0.2370;0.2306;4.60;7.17;95.40;92.83
686;0.2484;0.2371;0.2306;4.56;7.17;95.44;92.83
687;0.2484;0.2371;0.2306;4.56;7.15;95.44;92.85
688;0.2484;0.2370;0.2306;4.58;7.16;95.42;92.84
689;0.2484;0.2371;0.2307;4.56;7.14;95.44;92.86
690;0.2484;0.2370;0.2306;4.59;7.15;95.41;92.85
691;0.2484;0.2371;0.2307;4.54;7.14;95.46;92.86
692;0.2484;0.2371;0.2306;4.56;7.15;95.44;92.85
693;0.2484;0.2371;0.2306;4.53;7.15;95.47;92.85
694;0.2484;0.2371;0.2306;4.55;7.18;95.45;92.82
695;0.2484;0.2371;0.2306;4.54;7.16;95.46;92.84
696;0.2484;0.2372;0.2305;4.51;7.19;95.49;92.81
697;0.2484;0.2371;0.2306;4.53;7.17;95.47;92.83
698;0.2484;0.2371;0.2306;4.53;7.17;95.47;92.83
699;0.2484;0.2372;0.2306;4.51;7.18;95.49;92.82
700;0.2484;0.2372;0.2306;4.52;7.17;95.48;92.83
701;0.2484;0.2371;0.2306;4.55;7.16;95.45;92.84
702;0.2484;0.2372;0.2306;4.51;7.17;95.49;92.83
703;0.2484;0.2371;0.2306;4.53;7.16;95.47;92.84
704;0.2484;0.2371;0.2306;4.54;7.17;95.46;92.83
705;0.2484;0.2372;0.2306;4.52;7.17;95.48;92.83
706;0.2484;0.2372;0.2306;4.52;7.17;95.48;92.83
707;0.2484;0.2370;0.2306;4.57;7.17;95.43;92.83
708;0.2484;0.2371;0.2306;4.56;7.16;95.44;92.84
709;0.2484;0.2371;0.2306;4.56;7.16;95.44;92.84
710;0.2484;0.2371;0.2305;4.55;7.19;95.45;92.81
711;0.2484;0.2371;0.2305;4.55;7.19;95.45;92.81
712;0.2484;0.2371;0.2306;4.53;7.17;95.47;92.83
713;0.2484;0.2371;0.2306;4.54;7.15;95.46;92.85
714;0.2484;0.2371;0.2306;4.56;7.17;95.44;92.83
715;0.2484;0.2371;0.2306;4.53;7.17;95.47;92.83
716;0.2484;0.2371;0.2306;4.55;7.17;95.45;92.83
717;0.2484;0.2371;0.2306;4.54;7.17;95.46;92.83
718;0.2484;0.2371;0.2306;4.55;7.16;95.45;92.84
719;0.2484;0.2370;0.2306;4.57;7.16;95.43;92.84
720;0.2484;0.2371;0.2306;4.56;7.15;95.44;92.85
721;0.2484;0.2370;0.2306;4.57;7.18;95.43;92.82
722;0.2484;0.2371;0.2306;4.55;7.15;95.45;92.85
723;0.2484;0.2372;0.2306;4.51;7.16;95.49;92.84
724;0.2484;0.2371;0.2306;4.55;7.16;95.45;92.84
725;0.2484;0.2371;0.2306;4.55;7.16;95.45;92.84
726;0.2484;0.2371;0.2306;4.54;7.17;95.46;92.83
727;0.2484;0.2371;0.2306;4.56;7.17;95.44;92.83
728;0.2484;0.2371;0.2306;4.54;7.16;95.46;92.84
729;0.2484;0.2370;0.2306;4.59;7.17;95.41;92.83
730;0.2484;0.2370;0.2306;4.57;7.15;95.43;92.85
731;0.2484;0.2371;0.2306;4.54;7.17;95.46;92.83
732;0.2484;0.2371;0.2306;4.55;7.17;95.45;92.83
733;0.2484;0.2371;0.2306;4.56;7.17;95.44;92.83
734;0.2484;0.2371;0.2306;4.53;7.16;95.47;92.84
735;0.2484;0.2372;0.2306;4.52;7.15;95.48;92.85
736;0.2484;0.2371;0.2307;4.55;7.13;95.45;92.87
737;0.2484;0.2372;0.2306;4.51;7.15;95.49;92.85
738;0.2484;0.2371;0.2307;4.53;7.14;95.47;92.86
739;0.2484;0.2371;0.2306;4.56;7.16;95.44;92.84
740;0.2484;0.2373;0.2306;4.48;7.17;95.52;92.83
741;0.2484;0.2371;0.2306;4.53;7.17;95.47;92.83
742;0.2484;0.2373;0.2306;4.48;7.16;95.52;92.84
743;0.2484;0.2372;0.2306;4.50;7.16;95.50;92.84
744;0.2484;0.2372;0.2306;4.49;7.15;95.51;92.85
745;0.2484;0.2372;0.2306;4.50;7.17;95.50;92.83
746;0.2484;0.2372;0.2306;4.51;7.15;95.49;92.85
747;0.2484;0.2371;0.2306;4.54;7.16;95.46;92.84
748;0.2484;0.2372;0.2306;4.50;7.16;95.50;92.84
749;0.2484;0.2372;0.2306;4.52;7.16;95.48;92.84
750;0.2484;0.2371;0.2305;4.53;7.19;95.47;92.81
751;0.2484;0.2371;0.2306;4.54;7.15;95.46;92.85
752;0.2484;0.2371;0.2306;4.54;7.16;95.46;92.84
753;0.2484;0.2371;0.2306;4.54;7.16;95.46;92.84
754;0.2484;0.2371;0.2306;4.54;7.15;95.46;92.85
755;0.2484;0.2371;0.2306;4.54;7.17;95.46;92.83
756;0.2484;0.2371;0.2306;4.53;7.18;95.47;92.82
757;0.2484;0.2372;0.2306;4.51;7.17;95.49;92.83
758;0.2484;0.2371;0.2307;4.54;7.14;95.46;92.86
759;0.2484;0.2372;0.2306;4.52;7.16;95.48;92.84
760;0.2484;0.2372;0.2306;4.51;7.16;95.49;92.84
761;0.2484;0.2371;0.2306;4.55;7.17;95.45;92.83
762;0.2484;0.2371;0.2306;4.53;7.17;95.47;92.83
763;0.2484;0.2371;0.2306;4.56;7.15;95.44;92.85
764;0.2484;0.2372;0.2307;4.51;7.14;95.49;92.86
765;0.2484;0.2372;0.2306;4.50;7.15;95.50;92.85
766;0.2491;0.2370;0.2305;4.85;7.45;95.15;92.55
767;0.2491;0.2370;0.2305;4.85;7.45;95.15;92.55
768;0.2491;0.2370;0.2306;4.84;7.44;95.16;92.56
769;0.2491;0.2371;0.2306;4.83;7.43;95.17;92.57
770;0.2499;0.2369;0.2305;5.21;7.76;94.79;92.24
771;0.2499;0.2370;0.2305;5.18;7.75;94.82;92.25
772;0.2499;0.2370;0.2305;5.18;7.75;94.82;92.25
773;0.2499;0.2370;0.2306;5.18;7.73;94.82;92.27
774;0.2499;0.2370;0.2305;5.15;7.77;94.85;92.23
775;0.2499;0.2370;0.2306;5.17;7.74;94.83;92.26
776;0.2499;0.2370;0.2305;5.17;7.76;94.83;92.24
777;0.2499;0.2370;0.2305;5.17;7.76;94.83;92.24
778;0.2499;0.2369;0.2306;5.20;7.74;94.80;92.26
779;0.2499;0.2370;0.2306;5.17;7.73;94.83;92.27
780;0.2499;0.2369;0.2306;5.21;7.74;94.79;92.26
781;0.2499;0.2369;0.2306;5.19;7.74;94.81;92.26
782;0.2499;0.2370;0.2306;5.18;7.72;94.82;92.28
783;0.2499;0.2370;0.2306;5.16;7.72;94.84;92.28
784;0.2499;0.2371;0.2306;5.13;7.74;94.87;92.26
785;0.2499;0.2370;0.2305;5.15;7.75;94.85;92.25
786;0.2499;0.2371;0.2306;5.13;7.74;94.87;92.26
787;0.2506;0.2370;0.2305;5.45;8.01;94.55;91.99
788;0.2506;0.2370;0.2305;5.42;8.01;94.58;91.99
789;0.2506;0.2370;0.2305;5.42;8.00;94.58;92.00
790;0.2506;0.2370;0.2306;5.43;7.98;94.57;92.02
791;0.2506;0.2370;0.2306;5.44;7.99;94.56;92.01
792;0.2506;0.2370;0.2306;5.41;7.97;94.59;92.03
793;0.2506;0.2370;0.2306;5.42;7.98;94.58;92.02
794;0.2506;0.2371;0.2306;5.38;7.99;94.62;92.01
795;0.2600;0.2403;0.2331;7.58;10.36;92.42;89.64
796;0.2608;0.2404;0.2330;7.84;10.64;92.16;89.36
797;0.2608;0.2404;0.2331;7.84;10.63;92.16;89.37
798;0.2608;0.2403;0.2330;7.85;10.65;92.15;89.35
799;0.2608;0.2403;0.2331;7.86;10.64;92.14;89.36
800;0.2608;0.2403;0.2331;7.85;10.64;92.15;89.36
801;0.2608;0.2403;0.2331;7.87;10.64;92.13;89.36
802;0.2608;0.2403;0.2331;7.87;10.62;92.13;89.38
803;0.2608;0.2403;0.2331;7.88;10.63;92.12;89.37
804;0.2608;0.2404;0.2331;7.84;10.63;92.16;89.37
805;0.2608;0.2404;0.2331;7.81;10.60;92.19;89.40
806;0.2608;0.2404;0.2331;7.83;10.61;92.17;89.39
807;0.2608;0.2403;0.2331;7.85;10.61;92.15;89.39
808;0.2608;0.2405;0.2331;7.80;10.63;92.20;89.37
809;0.2608;0.2405;0.2331;7.79;10.61;92.21;89.39
810;0.2608;0.2405;0.2331;7.79;10.62;92.21;89.38
811;0.2608;0.2404;0.2331;7.80;10.61;92.20;89.39
812;0.2608;0.2405;0.2332;7.79;10.60;92.21;89.40
813;0.2608;0.2405;0.2332;7.79;10.60;92.21;89.40
814;0.2608;0.2404;0.2332;7.80;10.60;92.20;89.40
815;0.2608;0.2404;0.2332;7.81;10.60;92.19;89.40
816;0.2608;0.2405;0.2332;7.80;10.59;92.20;89.41
817;0.2608;0.2404;0.2332;7.80;10.58;92.20;89.42
818;0.2608;0.2405;0.2332;7.80;10.57;92.20;89.43
819;0.2608;0.2405;0.2332;7.78;10.58;92.22;89.42
820;0.2608;0.2405;0.2331;7.77;10.61;92.23;89.39
821;0.2608;0.2406;0.2332;7.74;10.60;92.26;89.40
822;0.2608;0.2405;0.2332;7.77;10.59;92.23;89.41
823;0.2608;0.2405;0.2332;7.77;10.59;92.23;89.41
824;0.2608;0.2405;0.2332;7.78;10.57;92.22;89.43
825;0.2608;0.2406;0.2331;7.75;10.60;92.25;89.40
826;0.2615;0.2404;0.2331;8.08;10.88;91.92;89.12
827;0.2615;0.2404;0.2331;8.08;10.86;91.92;89.14
828;0.2615;0.2404;0.2331;8.09;10.88;91.91;89.12
829;0.2615;0.2403;0.2330;8.10;10.88;91.90;89.12
830;0.2615;0.2403;0.2330;8.10;10.88;91.90;89.12
831;0.2615;0.2402;0.2331;8.13;10.87;91.87;89.13
832;0.2615;0.2403;0.2331;8.11;10.88;91.89;89.12
833;0.2615;0.2403;0.2331;8.12;10.85;91.88;89.15
834;0.2615;0.2404;0.2331;8.09;10.85;91.91;89.15
835;0.2615;0.2405;0.2331;8.04;10.86;91.96;89.14
836;0.2615;0.2405;0.2331;8.04;10.87;91.96;89.13
837;0.2615;0.2404;0.2331;8.08;10.86;91.92;89.14
838;0.2615;0.2404;0.2331;8.06;10.87;91.94;89.13
839;0.2615;0.2404;0.2331;8.08;10.85;91.92;89.15
840;0.2615;0.2404;0.2331;8.07;10.86;91.93;89.14
841;0.2615;0.2404;0.2331;8.05;10.88;91.95;89.12
842;0.2615;0.2404;0.2331;8.07;10.86;91.93;89.14
843;0.2615;0.2405;0.2331;8.02;10.87;91.98;89.13
844;0.2615;0.2405;0.2331;8.04;10.85;91.96;89.15
845;0.2615;0.2405;0.2331;8.03;10.86;91.97;89.14
846;0.2615;0.2405;0.2331;8.04;10.84;91.96;89.16
847;0.2615;0.2404;0.2331;8.06;10.85;91.94;89.15
848;0.2615;0.2404;0.2331;8.06;10.85;91.94;89.15
849;0.2615;0.2404;0.2331;8.06;10.85;91.94;89.15
850;0.2615;0.2405;0.2331;8.04;10.85;91.96;89.15
851;0.2615;0.2404;0.2332;8.07;10.83;91.93;89.17
852;0.2615;0.2405;0.2332;8.04;10.84;91.96;89.16
853;0.2615;0.2404;0.2332;8.05;10.83;91.95;89.17
854;0.2615;0.2405;0.2332;8.02;10.83;91.98;89.17
855;0.2615;0.2406;0.2331;8.01;10.86;91.99;89.14
856;0.2615;0.2405;0.2331;8.04;10.85;91.96;89.15
857;0.2615;0.2405;0.2331;8.02;10.85;91.98;89.15
858;0.2615;0.2405;0.2331;8.02;10.88;91.98;89.12
859;0.2615;0.2406;0.2331;8.00;10.84;92.00;89.16
860;0.2615;0.2405;0.2331;8.04;10.85;91.96;89.15
861;0.2615;0.2405;0.2331;8.04;10.84;91.96;89.16
862;0.2615;0.2405;0.2331;8.04;10.84;91.96;89.16
863;0.2615;0.2405;0.2331;8.02;10.84;91.98;89.16
864;0.2615;0.2405;0.2332;8.04;10.83;91.96;89.17
865;0.2615;0.2405;0.2332;8.04;10.83;91.96;89.17
866;0.2615;0.2405;0.2331;8.02;10.85;91.98;89.15
867;0.2615;0.2405;0.2332;8.04;10.84;91.96;89.16
868;0.2615;0.2405;0.2331;8.03;10.84;91.97;89.16
869;0.2615;0.2405;0.2332;8.04;10.83;91.96;89.17
870;0.2615;0.2405;0.2332;8.04;10.81;91.96;89.19
871;0.2615;0.2405;0.2332;8.04;10.83;91.96;89.17
872;0.2615;0.2405;0.2331;8.03;10.84;91.97;89.16
873;0.2615;0.2406;0.2331;8.01;10.85;91.99;89.15
874;0.2615;0.2404;0.2331;8.05;10.85;91.95;89.15
875;0.2615;0.2405;0.2332;8.04;10.83;91.96;89.17
876;0.2615;0.2405;0.2332;8.03;10.82;91.97;89.18
877;0.2615;0.2404;0.2331;8.05;10.84;91.95;89.16
878;0.2615;0.2404;0.2332;8.05;10.82;91.95;89.18
879;0.2615;0.2406;0.2332;8.01;10.81;91.99;89.19
880;0.2615;0.2405;0.2332;8.04;10.83;91.96;89.17
881;0.2615;0.2406;0.2331;8.00;10.85;92.00;89.15
882;0.2615;0.2404;0.2331;8.05;10.84;91.95;89.16
883;0.2615;0.2405;0.2332;8.04;10.81;91.96;89.19
884;0.2615;0.2404;0.2332;8.05;10.82;91.95;89.18
885;0.2615;0.2405;0.2332;8.04;10.84;91.96;89.16
886;0.2615;0.2405;0.2332;8.04;10.84;91.96;89.16
887;0.2615;0.2405;0.2331;8.02;10.84;91.98;89.16
888;0.2615;0.2406;0.2332;7.98;10.83;92.02;89.17
889;0.2615;0.2406;0.2331;8.01;10.86;91.99;89.14
890;0.2615;0.2406;0.2332;7.99;10.83;92.01;89.17
891;0.2615;0.2405;0.2332;8.02;10.83;91.98;89.17
892;0.2615;0.2405;0.2331;8.03;10.84;91.97;89.16
893;0.2615;0.2405;0.2331;8.02;10.84;91.98;89.16
894;0.2615;0.2406;0.2331;8.00;10.84;92.00;89.16
895;0.2615;0.2405;0.2331;8.02;10.84;91.98;89.16
896;0.2615;0.2406;0.2332;8.01;10.83;91.99;89.17
897;0.2615;0.2405;0.2332;8.03;10.83;91.97;89.17
898;0.2615;0.2406;0.2332;7.99;10.83;92.01;89.17
899;0.2615;0.2407;0.2332;7.96;10.83;92.04;89.17
900;0.2615;0.2406;0.2331;8.01;10.85;91.99;89.15
901;0.2615;0.2406;0.2332;8.00;10.83;92.00;89.17
902;0.2615;0.2406;0.2331;8.00;10.84;92.00;89.16
903;0.2615;0.2407;0.2332;7.97;10.83;92.03;89.17
904;0.2615;0.2406;0.2331;7.99;10.84;92.01;89.16
905;0.2615;0.2405;0.2332;8.04;10.83;91.96;89.17
906;0.2615;0.2406;0.2332;8.01;10.83;91.99;89.17
907;0.2615;0.2405;0.2332;8.02;10.83;91.98;89.17
908;0.2615;0.2406;0.2332;8.00;10.83;92.00;89.17
909;0.2615;0.2405;0.2332;8.02;10.83;91.98;89.17
910;0.2615;0.2406;0.2332;8.01;10.83;91.99;89.17
911;0.2615;0.2406;0.2332;7.99;10.82;92.01;89.18
912;0.2615;0.2405;0.2332;8.03;10.81;91.97;89.19
913;0.2615;0.2406;0.2332;7.99;10.81;92.01;89.19
914;0.2615;0.2406;0.2332;7.99;10.82;92.01;89.18
915;0.2615;0.2406;0.2332;8.01;10.82;91.99;89.18
916;0.2615;0.2406;0.2332;8.00;10.81;92.00;89.19
917;0.2615;0.2406;0.2331;7.99;10.84;92.01;89.16
918;0.2615;0.2406;0.2332;8.00;10.83;92.00;89.17
919;0.2615;0.2407;0.2332;7.97;10.83;92.03;89.17
920;0.2615;0.2406;0.2332;7.99;10.83;92.01;89.17
921;0.2615;0.2406;0.2332;7.99;10.82;92.01;89.18
922;0.2615;0.2405;0.2332;8.02;10.83;91.98;89.17
923;0.2615;0.2405;0.2332;8.03;10.82;91.97;89.18
924;0.2615;0.2405;0.2332;8.03;10.83;91.97;89.17
925;0.2615;0.2405;0.2332;8.02;10.82;91.98;89.18
926;0.2615;0.2405;0.2332;8.02;10.81;91.98;89.19
927;0.2615;0.2406;0.2332;8.00;10.84;92.00;89.16
928;0.2615;0.2405;0.2332;8.02;10.84;91.98;89.16
929;0.2615;0.2407;0.2332;7.97;10.82;92.03;89.18
930;0.2615;0.2405;0.2332;8.03;10.83;91.97;89.17
931;0.2615;0.2405;0.2332;8.04;10.84;91.96;89.16
932;0.2615;0.2406;0.2332;7.99;10.82;92.01;89.18
933;0.2615;0.2407;0.2332;7.97;10.82;92.03;89.18
934;0.2615;0.2406;0.2332;8.00;10.81;92.00;89.19
935;0.2615;0.2406;0.2332;8.01;10.81;91.99;89.19
936;0.2615;0.2405;0.2332;8.02;10.82;91.98;89.18
937;0.2615;0.2405;0.2332;8.02;10.82;91.98;89.18
938;0.2615;0.2407;0.2332;7.97;10.82;92.03;89.18
939;0.2615;0.2407;0.2332;7.95;10.83;92.05;89.17
940;0.2615;0.2406;0.2332;7.98;10.83;92.02;89.17
941;0.2615;0.2406;0.2332;7.98;10.82;92.02;89.18
942;0.2622;0.2404;0.2331;8.31;11.11;91.69;88.89
943;0.2622;0.2403;0.2331;8.34;11.10;91.66;88.90
944;0.2622;0.2403;0.2330;8.36;11.13;91.64;88.87
945;0.2622;0.2403;0.2330;8.37;11.12;91.63;88.88
946;0.2622;0.2403;0.2330;8.34;11.13;91.66;88.87
947;0.2622;0.2403;0.2331;8.35;11.11;91.65;88.89
948;0.2622;0.2403;0.2331;8.35;11.09;91.65;88.91
949;0.2622;0.2404;0.2331;8.32;11.09;91.68;88.91
950;0.2622;0.2404;0.2331;8.30;11.10;91.70;88.90
951;0.2622;0.2405;0.2331;8.29;11.10;91.71;88.90
952;0.2622;0.2404;0.2331;8.32;11.10;91.68;88.90
953;0.2622;0.2404;0.2331;8.30;11.09;91.70;88.91
954;0.2622;0.2405;0.2331;8.26;11.11;91.74;88.89
955;0.2622;0.2406;0.2331;8.23;11.09;91.77;88.91
956;0.2622;0.2405;0.2331;8.28;11.09;91.72;88.91
957;0.2622;0.2404;0.2331;8.30;11.08;91.70;88.92
958;0.2622;0.2405;0.2331;8.27;11.08;91.73;88.92
959;0.2622;0.2405;0.2332;8.28;11.06;91.72;88.94
960;0.2622;0.2404;0.2330;8.32;11.13;91.68;88.87
961;0.2622;0.2403;0.2331;8.34;11.10;91.66;88.90
962;0.2622;0.2404;0.2331;8.32;11.09;91.68;88.91
963;0.2622;0.2404;0.2331;8.32;11.11;91.68;88.89
964;0.2622;0.2404;0.2331;8.32;11.10;91.68;88.90
965;0.2622;0.2404;0.2331;8.31;11.09;91.69;88.91
966;0.2622;0.2404;0.2331;8.32;11.10;91.68;88.90
967;0.2622;0.2404;0.2331;8.32;11.11;91.68;88.89
968;0.2622;0.2404;0.2331;8.30;11.08;91.70;88.92
969;0.2622;0.2404;0.2332;8.33;11.08;91.67;88.92
970;0.2622;0.2404;0.2331;8.32;11.09;91.68;88.91
971;0.2622;0.2405;0.2332;8.29;11.07;91.71;88.93
972;0.2622;0.2404;0.2331;8.32;11.09;91.68;88.91
973;0.2622;0.2404;0.2331;8.33;11.09;91.67;88.91
974;0.2622;0.2404;0.2331;8.32;11.08;91.68;88.92
975;0.2622;0.2404;0.2331;8.32;11.08;91.68;88.92
976;0.2622;0.2404;0.2331;8.30;11.11;91.70;88.89
977;0.2622;0.2405;0.2331;8.29;11.09;91.71;88.91
978;0.2622;0.2405;0.2331;8.29;11.10;91.71;88.90
979;0.2622;0.2404;0.2331;8.30;11.08;91.70;88.92
980;0.2622;0.2405;0.2331;8.27;11.10;91.73;88.90
981;0.2622;0.2405;0.2331;8.29;11.09;91.71;88.91
982;0.2622;0.2405;0.2331;8.28;11.10;91.72;88.90
983;0.2622;0.2404;0.2331;8.32;11.08;91.68;88.92
984;0.2622;0.2405;0.2332;8.29;11.08;91.71;88.92
985;0.2622;0.2404;0.2331;8.30;11.09;91.70;88.91
986;0.2622;0.2405;0.2331;8.27;11.08;91.73;88.92
987;0.2622;0.2405;0.2332;8.27;11.07;91.73;88.93
988;0.2622;0.2404;0.2332;8.31;11.06;91.69;88.94
989;0.2622;0.2406;0.2331;8.24;11.08;91.76;88.92
990;0.2622;0.2405;0.2332;8.29;11.07;91.71;88.93
991;0.2622;0.2405;0.2332;8.29;11.07;91.71;88.93
992;0.2622;0.2405;0.2332;8.28;11.08;91.72;88.92
993;0.2622;0.2406;0.2331;8.25;11.08;91.75;88.92
994;0.2622;0.2405;0.2331;8.27;11.08;91.73;88.92
995;0.2622;0.2405;0.2332;8.28;11.08;91.72;88.92
996;0.2622;0.2404;0.2332;8.30;11.07;91.70;88.93
997;0.2622;0.2404;0.2331;8.31;11.10;91.69;88.90
998;0.2622;0.2404;0.2331;8.30;11.09;91.70;88.91
999;0.2622;0.2404;0.2331;8.33;11.08;91.67;88.92
1000;0.2622;0.2405;0.2332;8.28;11.08;91.72;88.92
1001;0.2622;0.2405;0.2331;8.28;11.09;91.72;88.91
1002;0.2622;0.2404;0.2332;8.31;11.08;91.69;88.92
1003;0.2622;0.2404;0.2332;8.30;11.05;91.70;88.95
1004;0.2622;0.2404;0.2332;8.30;11.05;91.70;88.95
1005;0.2622;0.2404;0.2332;8.30;11.07;91.70;88.93
1006;0.2622;0.2404;0.2332;8.31;11.07;91.69;88.93
1007;0.2622;0.2405;0.2332;8.29;11.08;91.71;88.92
1008;0.2622;0.2405;0.2332;8.28;11.08;91.72;88.92
1009;0.2622;0.2405;0.2332;8.26;11.07;91.74;88.93
1010;0.2622;0.2405;0.2331;8.26;11.09;91.74;88.91
1011;0.2622;0.2405;0.2331;8.26;11.09;91.74;88.91
1012;0.2622;0.2405;0.2332;8.28;11.08;91.72;88.92
1013;0.2622;0.2406;0.2331;8.24;11.09;91.76;88.91
1014;0.2622;0.2406;0.2331;8.25;11.09;91.75;88.91
1015;0.2622;0.2405;0.2331;8.28;11.10;91.72;88.90
1016;0.2622;0.2403;0.2331;8.35;11.09;91.65;88.91
1017;0.2622;0.2405;0.2332;8.28;11.07;91.72;88.93
1018;0.2622;0.2405;0.2332;8.28;11.08;91.72;88.92
1019;0.2622;0.2405;0.2331;8.28;11.09;91.72;88.91
1020;0.2622;0.2404;0.2332;8.32;11.08;91.68;88.92
1021;0.2622;0.2405;0.2332;8.29;11.07;91.71;88.93
1022;0.2622;0.2405;0.2332;8.28;11.06;91.72;88.94
1023;0.2622;0.2404;0.2332;8.30;11.06;91.70;88.94
1024;0.2622;0.2405;0.2332;8.27;11.05;91.73;88.95
1025;0.2622;0.2405;0.2332;8.27;11.07;91.73;88.93
1026;0.2622;0.2406;0.2331;8.23;11.08;91.77;88.92
1027;0.2622;0.2405;0.2332;8.27;11.08;91.73;88.92
1028;0.2622;0.2405;0.2332;8.26;11.05;91.74;88.95
1029;0.2622;0.2406;0.2332;8.24;11.08;91.76;88.92
1030;0.2622;0.2405;0.2331;8.26;11.08;91.74;88.92
1031;0.2622;0.2405;0.2332;8.26;11.05;91.74;88.95
1032;0.2622;0.2405;0.2332;8.26;11.05;91.74;88.95
1033;0.2622;0.2405;0.2332;8.26;11.06;91.74;88.94
1034;0.2622;0.2405;0.2332;8.28;11.07;91.72;88.93
1035;0.2622;0.2405;0.2332;8.28;11.06;91.72;88.94
1036;0.2622;0.2406;0.2332;8.23;11.07;91.77;88.93
1037;0.2622;0.2405;0.2332;8.28;11.07;91.72;88.93
1038;0.2622;0.2406;0.2332;8.24;11.07;91.76;88.93
1039;0.2622;0.2404;0.2332;8.30;11.06;91.70;88.94
1040;0.2622;0.2405;0.2332;8.26;11.05;91.74;88.95
1041;0.2622;0.2405;0.2332;8.26;11.05;91.74;88.95
1042;0.2622;0.2406;0.2332;8.25;11.05;91.75;88.95
1043;0.2622;0.2405;0.2331;8.27;11.08;91.73;88.92
1044;0.2622;0.2406;0.2332;8.24;11.05;91.76;88.95
1045;0.2622;0.2405;0.2332;8.28;11.05;91.72;88.95
1046;0.2622;0.2405;0.2332;8.26;11.04;91.74;88.96
1047;0.2622;0.2406;0.2332;8.23;11.05;91.77;88.95
1048;0.2622;0.2406;0.2332;8.25;11.07;91.75;88.93
1049;0.2622;0.2406;0.2332;8.24;11.07;91.76;88.93
1050;0.2622;0.2406;0.2332;8.23;11.05;91.77;88.95
1051;0.2622;0.2406;0.2332;8.24;11.05;91.76;88.95
1052;0.2622;0.2406;0.2331;8.24;11.08;91.76;88.92
1053;0.2622;0.2404;0.2332;8.31;11.06;91.69;88.94
1054;0.2622;0.2406;0.2333;8.25;11.04;91.75;88.96
1055;0.2622;0.2407;0.2332;8.22;11.06;91.78;88.94
1056;0.2622;0.2406;0.2332;8.25;11.06;91.75;88.94
1057;0.2622;0.2406;0.2332;8.25;11.06;91.75;88.94
1058;0.2622;0.2406;0.2332;8.24;11.08;91.76;88.92
1059;0.2622;0.2406;0.2332;8.25;11.07;91.75;88.93
1060;0.2622;0.2406;0.2332;8.24;11.07;91.76;88.93
1061;0.2622;0.2405;0.2332;8.26;11.04;91.74;88.96
1062;0.2622;0.2405;0.2331;8.28;11.08;91.72;88.92
1063;0.2622;0.2405;0.2332;8.29;11.08;91.71;88.92
1064;0.2622;0.2405;0.2332;8.27;11.07;91.73;88.93
1065;0.2622;0.2405;0.2332;8.27;11.08;91.73;88.92
1066;0.2622;0.2405;0.2332;8.28;11.05;91.72;88.95
1067;0.2622;0.2406;0.2332;8.24;11.07;91.76;88.93
1068;0.2622;0.2406;0.2332;8.24;11.06;91.76;88.94
1069;0.2622;0.2406;0.2332;8.23;11.05;91.77;88.95
1070;0.2622;0.2406;0.2332;8.23;11.07;91.77;88.93
1071;0.2622;0.2406;0.2332;8.24;11.06;91.76;88.94
1072;0.2622;0.2405;0.2332;8.27;11.07;91.73;88.93
1073;0.2622;0.2406;0.2332;8.24;11.07;91.76;88.93
1074;0.2622;0.2406;0.2332;8.25;11.07;91.75;88.93
1075;0.2622;0.2405;0.2332;8.27;11.05;91.73;88.95
1076;0.2622;0.2405;0.2332;8.27;11.07;91.73;88.93
1077;0.2622;0.2405;0.2332;8.27;11.06;91.73;88.94
1078;0.2622;0.2405;0.2332;8.27;11.07;91.73;88.93
1079;0.2622;0.2406;0.2332;8.24;11.08;91.76;88.92
1080;0.2622;0.2406;0.2332;8.24;11.05;91.76;88.95
1081;0.2622;0.2405;0.2332;8.26;11.07;91.74;88.93
1082;0.2622;0.2406;0.2332;8.25;11.06;91.75;88.94
1083;0.2622;0.2405;0.2333;8.26;11.04;91.74;88.96
1084;0.2622;0.2406;0.2332;8.23;11.07;91.77;88.93
1085;0.2622;0.2406;0.2332;8.25;11.05;91.75;88.95
1086;0.2622;0.2406;0.2332;8.25;11.07;91.75;88.93
1087;0.2622;0.2406;0.2332;8.24;11.06;91.76;88.94
1088;0.2622;0.2405;0.2332;8.26;11.06;91.74;88.94
1089;0.2622;0.2406;0.2332;8.23;11.06;91.77;88.94
1090;0.2622;0.2405;0.2332;8.26;11.06;91.74;88.94
1091;0.2622;0.2406;0.2333;8.25;11.04;91.75;88.96
1092;0.2622;0.2405;0.2332;8.29;11.06;91.71;88.94
1093;0.2622;0.2406;0.2332;8.25;11.07;91.75;88.93
1094;0.2622;0.2406;0.2332;8.25;11.07;91.75;88.93
1095;0.2622;0.2405;0.2332;8.26;11.08;91.74;88.92
1096;0.2622;0.2405;0.2332;8.26;11.07;91.74;88.93
1097;0.2622;0.2405;0.2332;8.26;11.06;91.74;88.94
1098;0.2622;0.2406;0.2331;8.25;11.08;91.75;88.92
1099;0.2622;0.2405;0.2332;8.27;11.07;91.73;88.93
1100;0.2622;0.2406;0.2332;8.23;11.05;91.77;88.95
1101;0.2622;0.2406;0.2332;8.23;11.05;91.77;88.95
1102;0.2622;0.2406;0.2332;8.23;11.06;91.77;88.94
1103;0.2622;0.2407;0.2332;8.22;11.06;91.78;88.94
1104;0.2622;0.2406;0.2332;8.23;11.05;91.77;88.95
1105;0.2622;0.2406;0.2332;8.23;11.06;91.77;88.94
1106;0.2622;0.2405;0.2332;8.27;11.06;91.73;88.94
1107;0.2622;0.2406;0.2332;8.25;11.07;91.75;88.93
1108;0.2629;0.2404;0.2331;8.56;11.33;91.44;88.67
1109;0.2629;0.2404;0.2331;8.57;11.32;91.43;88.68
1110;0.2629;0.2404;0.2331;8.55;11.32;91.45;88.68
1111;0.2629;0.2404;0.2332;8.57;11.31;91.43;88.69
1112;0.2629;0.2404;0.2332;8.55;11.31;91.45;88.69
1113;0.2629;0.2405;0.2332;8.53;11.31;91.47;88.69
1114;0.2629;0.2404;0.2331;8.55;11.32;91.45;88.68
1115;0.2629;0.2404;0.2331;8.54;11.32;91.46;88.68
1116;0.2629;0.2405;0.2331;8.51;11.33;91.49;88.67
1117;0.2629;0.2405;0.2331;8.51;11.34;91.49;88.66
1118;0.2629;0.2404;0.2332;8.55;11.31;91.45;88.69
1119;0.2629;0.2404;0.2332;8.56;11.31;91.44;88.69
1120;0.2629;0.2405;0.2332;8.53;11.31;91.47;88.69
1121;0.2629;0.2404;0.2331;8.54;11.32;91.46;88.68
1122;0.2629;0.2404;0.2332;8.55;11.30;91.45;88.70
1123;0.2629;0.2405;0.2332;8.53;11.31;91.47;88.69
1124;0.2629;0.2404;0.2332;8.55;11.30;91.45;88.70
1125;0.2629;0.2405;0.2331;8.51;11.32;91.49;88.68
1126;0.2629;0.2405;0.2332;8.53;11.31;91.47;88.69
1127;0.2629;0.2404;0.2332;8.54;11.30;91.46;88.70
1128;0.2629;0.2405;0.2332;8.52;11.31;91.48;88.69
1129;0.2629;0.2405;0.2332;8.52;11.31;91.48;88.69
1130;0.2629;0.2404;0.2332;8.54;11.31;91.46;88.69
1131;0.2629;0.2405;0.2331;8.51;11.32;91.49;88.68
1132;0.2629;0.2405;0.2332;8.52;11.30;91.48;88.70
1133;0.2629;0.2404;0.2332;8.54;11.30;91.46;88.70
1134;0.2629;0.2405;0.2332;8.52;11.30;91.48;88.70
1135;0.2629;0.2405;0.2332;8.52;11.30;91.48;88.70
1136;0.2629;0.2405;0.2332;8.52;11.29;91.48;88.71
1137;0.2629;0.2405;0.2332;8.51;11.30;91.49;88.70
1138;0.2629;0.2406;0.2332;8.50;11.31;91.50;88.69
1139;0.2629;0.2405;0.2331;8.51;11.32;91.49;88.68
1140;0.2629;0.2406;0.2331;8.50;11.32;91.50;88.68
1141;0.2629;0.2405;0.2331;8.51;11.32;91.49;88.68
1142;0.2629;0.2405;0.2331;8.51;11.32;91.49;88.68
1143;0.2629;0.2405;0.2331;8.52;11.32;91.48;88.68
1144;0.2629;0.2405;0.2331;8.51;11.33;91.49;88.67
1145;0.2629;0.2404;0.2332;8.54;11.30;91.46;88.70
1146;0.2629;0.2405;0.2331;8.52;11.32;91.48;88.68
1147;0.2629;0.2405;0.2331;8.51;11.32;91.49;88.68
1148;0.2629;0.2405;0.2332;8.51;11.30;91.49;88.70
1149;0.2629;0.2405;0.2332;8.51;11.31;91.49;88.69
1150;0.2629;0.2404;0.2332;8.54;11.30;91.46;88.70
1151;0.2629;0.2406;0.2332;8.49;11.29;91.51;88.71
1152;0.2629;0.2405;0.2332;8.51;11.30;91.49;88.70
1153;0.2629;0.2406;0.2332;8.47;11.31;91.53;88.69
1154;0.2629;0.2406;0.2332;8.49;11.30;91.51;88.70
1155;0.2629;0.2405;0.2332;8.51;11.31;91.49;88.69
1156;0.2629;0.2405;0.2331;8.51;11.33;91.49;88.67
1157;0.2629;0.2405;0.2331;8.51;11.32;91.49;88.68
1158;0.2629;0.2405;0.2332;8.53;11.29;91.47;88.71
1159;0.2629;0.2405;0.2332;8.51;11.30;91.49;88.70
1160;0.2629;0.2406;0.2332;8.50;11.30;91.50;88.70
1161;0.2629;0.2406;0.2332;8.50;11.29;91.50;88.71
1162;0.2629;0.2404;0.2332;8.54;11.31;91.46;88.69
1163;0.2629;0.2405;0.2332;8.52;11.29;91.48;88.71
1164;0.2629;0.2405;0.2332;8.52;11.30;91.48;88.70
1165;0.2629;0.2405;0.2332;8.51;11.28;91.49;88.72
1166;0.2629;0.2404;0.2332;8.54;11.29;91.46;88.71
1167;0.2629;0.2406;0.2332;8.49;11.29;91.51;88.71
1168;0.2629;0.2406;0.2332;8.50;11.30;91.50;88.70
1169;0.2629;0.2405;0.2333;8.52;11.28;91.48;88.72
1170;0.2629;0.2406;0.2332;8.50;11.30;91.50;88.70
1171;0.2629;0.2406;0.2332;8.50;11.30;91.50;88.70
1172;0.2629;0.2405;0.2332;8.51;11.31;91.49;88.69
1173;0.2629;0.2406;0.2332;8.48;11.30;91.52;88.70
1174;0.2629;0.2405;0.2332;8.51;11.30;91.49;88.70
1175;0.2629;0.2405;0.2332;8.52;11.30;91.48;88.70
1176;0.2629;0.2405;0.2332;8.51;11.28;91.49;88.72
1177;0.2629;0.2405;0.2332;8.51;11.29;91.49;88.71
1178;0.2629;0.2405;0.2332;8.52;11.30;91.48;88.70
1179;0.2629;0.2405;0.2332;8.51;11.29;91.49;88.71
1180;0.2629;0.2406;0.2332;8.50;11.30;91.50;88.70
1181;0.2629;0.2407;0.2332;8.44;11.29;91.56;88.71
1182;0.2629;0.2407;0.2331;8.46;11.32;91.54;88.68
1183;0.2629;0.2406;0.2332;8.47;11.29;91.53;88.71
1184;0.2629;0.2407;0.2332;8.43;11.30;91.57;88.70
1185;0.2629;0.2406;0.2332;8.49;11.30;91.51;88.70
1186;0.2629;0.2407;0.2332;8.43;11.30;91.57;88.70
1187;0.2629;0.2406;0.2332;8.49;11.31;91.51;88.69
1188;0.2629;0.2405;0.2332;8.51;11.29;91.49;88.71
1189;0.2629;0.2406;0.2332;8.50;11.31;91.50;88.69
1190;0.2629;0.2406;0.2332;8.49;11.31;91.51;88.69
1191;0.2629;0.2404;0.2332;8.54;11.30;91.46;88.70
1192;0.2629;0.2405;0.2332;8.51;11.29;91.49;88.71
1193;0.2629;0.2406;0.2332;8.47;11.29;91.53;88.71
1194;0.2629;0.2405;0.2332;8.51;11.29;91.49;88.71
1195;0.2629;0.2406;0.2332;8.50;11.28;91.50;88.72
1196;0.2629;0.2405;0.2332;8.53;11.29;91.47;88.71
1197;0.2629;0.2406;0.2332;8.49;11.31;91.51;88.69
1198;0.2629;0.2406;0.2332;8.47;11.31;91.53;88.69
1199;0.2629;0.2407;0.2332;8.46;11.28;91.54;88.72
1200;0.2629;0.2407;0.2332;8.45;11.28;91.55;88.72
1201;0.2629;0.2405;0.2332;8.51;11.30;91.49;88.70
1202;0.2629;0.2407;0.2332;8.45;11.29;91.55;88.71
1203;0.2629;0.2407;0.2332;8.45;11.30;91.55;88.70
1204;0.2629;0.2407;0.2332;8.46;11.30;91.54;88.70
1205;0.2629;0.2405;0.2332;8.51;11.29;91.49;88.71
1206;0.2629;0.2405;0.2332;8.51;11.29;91.49;88.71
1207;0.2629;0.2405;0.2332;8.51;11.31;91.49;88.69
1208;0.2629;0.2404;0.2332;8.55;11.29;91.45;88.71
1209;0.2629;0.2406;0.2332;8.49;11.29;91.51;88.71
1210;0.2629;0.2405;0.2332;8.53;11.31;91.47;88.69
1211;0.2629;0.2406;0.2332;8.48;11.28;91.52;88.72
1212;0.2629;0.2405;0.2332;8.53;11.29;91.47;88.71
1213;0.2629;0.2405;0.2333;8.51;11.28;91.49;88.72
1214;0.2629;0.2406;0.2332;8.48;11.31;91.52;88.69
1215;0.2629;0.2407;0.2332;8.45;11.29;91.55;88.71
1216;0.2629;0.2407;0.2332;8.43;11.29;91.57;88.71
1217;0.2629;0.2407;0.2332;8.46;11.29;91.54;88.71
1218;0.2629;0.2405;0.2331;8.51;11.32;91.49;88.68
1219;0.2629;0.2407;0.2332;8.45;11.31;91.55;88.69
1220;0.2629;0.2406;0.2332;8.49;11.31;91.51;88.69
1221;0.2629;0.2406;0.2332;8.48;11.31;91.52;88.69
1222;0.2629;0.2405;0.2332;8.51;11.31;91.49;88.69
1223;0.2629;0.2406;0.2332;8.48;11.31;91.52;88.69
1224;0.2629;0.2405;0.2332;8.51;11.30;91.49;88.70
1225;0.2629;0.2406;0.2332;8.49;11.31;91.51;88.69
1226;0.2629;0.2405;0.2332;8.51;11.29;91.49;88.71
1227;0.2629;0.2406;0.2332;8.50;11.30;91.50;88.70
1228;0.2629;0.2406;0.2332;8.49;11.29;91.51;88.71
1229;0.2629;0.2405;0.2332;8.51;11.28;91.49;88.72
1230;0.2629;0.2406;0.2332;8.49;11.30;91.51;88.70
1231;0.2629;0.2406;0.2332;8.48;11.28;91.52;88.72
1232;0.2629;0.2406;0.2332;8.48;11.30;91.52;88.70
1233;0.2629;0.2406;0.2332;8.48;11.29;91.52;88.71
1234;0.2629;0.2406;0.2332;8.47;11.29;91.53;88.71
1235;0.2629;0.2406;0.2332;8.49;11.30;91.51;88.70
1236;0.2629;0.2405;0.2332;8.51;11.29;91.49;88.71
1237;0.2629;0.2406;0.2332;8.49;11.30;91.51;88.70
1238;0.2629;0.2405;0.2333;8.51;11.28;91.49;88.72
1239;0.2629;0.2406;0.2332;8.48;11.28;91.52;88.72
1240;0.2629;0.2405;0.2333;8.51;11.28;91.49;88.72
1241;0.2629;0.2405;0.2332;8.51;11.30;91.49;88.70
1242;0.2629;0.2406;0.2332;8.48;11.29;91.52;88.71
1243;0.2629;0.2405;0.2332;8.52;11.29;91.48;88.71
1244;0.2629;0.2406;0.2332;8.50;11.28;91.50;88.72
1245;0.2629;0.2407;0.2332;8.44;11.31;91.56;88.69
1246;0.2629;0.2406;0.2332;8.47;11.31;91.53;88.69
1247;0.2629;0.2406;0.2332;8.49;11.31;91.51;88.69
1248;0.2629;0.2406;0.2332;8.47;11.29;91.53;88.71
1249;0.2629;0.2406;0.2332;8.48;11.30;91.52;88.70
1250;0.2629;0.2407;0.2332;8.44;11.30;91.56;88.70
1251;0.2629;0.2406;0.2332;8.47;11.29;91.53;88.71
1252;0.2629;0.2406;0.2332;8.50;11.30;91.50;88.70
1253;0.2629;0.2406;0.2332;8.47;11.30;91.53;88.70
1254;0.2629;0.2406;0.2332;8.48;11.31;91.52;88.69
1255;0.2629;0.2407;0.2332;8.46;11.30;91.54;88.70
1256;0.2629;0.2406;0.2332;8.50;11.29;91.50;88.71
1257;0.2629;0.2406;0.2332;8.48;11.29;91.52;88.71
1258;0.2629;0.2406;0.2332;8.48;11.29;91.52;88.71
1259;0.2629;0.2405;0.2333;8.51;11.27;91.49;88.73
1260;0.2629;0.2405;0.2332;8.51;11.29;91.49;88.71
1261;0.2629;0.2406;0.2332;8.50;11.29;91.50;88.71
1262;0.2629;0.2406;0.2332;8.48;11.30;91.52;88.70
1263;0.2637;0.2404;0.2332;8.82;11.57;91.18;88.43
1264;0.2637;0.2404;0.2332;8.82;11.55;91.18;88.45
1265;0.2637;0.2405;0.2332;8.80;11.57;91.20;88.43
1266;0.2637;0.2405;0.2332;8.78;11.57;91.22;88.43
1267;0.2637;0.2405;0.2332;8.78;11.57;91.22;88.43
1268;0.2637;0.2406;0.2332;8.77;11.57;91.23;88.43
1269;0.2637;0.2405;0.2332;8.80;11.58;91.20;88.42
1270;0.2637;0.2405;0.2332;8.80;11.57;91.20;88.43
1271;0.2637;0.2405;0.2332;8.81;11.58;91.19;88.42
1272;0.2637;0.2404;0.2332;8.82;11.57;91.18;88.43
1273;0.2637;0.2405;0.2332;8.81;11.57;91.19;88.43
1274;0.2637;0.2405;0.2332;8.81;11.57;91.19;88.43
1275;0.2637;0.2406;0.2332;8.76;11.57;91.24;88.43
1276;0.2637;0.2405;0.2332;8.80;11.55;91.20;88.45
1277;0.2637;0.2406;0.2332;8.77;11.57;91.23;88.43
1278;0.2637;0.2406;0.2332;8.76;11.56;91.24;88.44
1279;0.2637;0.2406;0.2331;8.76;11.60;91.24;88.40
1280;0.2637;0.2407;0.2331;8.74;11.59;91.26;88.41
1281;0.2637;0.2405;0.2331;8.78;11.59;91.22;88.41
1282;0.2637;0.2406;0.2332;8.77;11.56;91.23;88.44
1283;0.2637;0.2406;0.2332;8.77;11.58;91.23;88.42
1284;0.2637;0.2405;0.2332;8.79;11.57;91.21;88.43
1285;0.2637;0.2405;0.2332;8.79;11.58;91.21;88.42
1286;0.2637;0.2406;0.2331;8.76;11.59;91.24;88.41
1287;0.2637;0.2405;0.2332;8.81;11.57;91.19;88.43
1288;0.2637;0.2406;0.2332;8.76;11.58;91.24;88.42
1289;0.2637;0.2405;0.2332;8.81;11.56;91.19;88.44
1290;0.2637;0.2407;0.2332;8.74;11.57;91.26;88.43
1291;0.2637;0.2406;0.2332;8.76;11.56;91.24;88.44
1292;0.2637;0.2406;0.2332;8.77;11.58;91.23;88.42
1293;0.2637;0.2407;0.2332;8.74;11.56;91.26;88.44
1294;0.2637;0.2407;0.2332;8.74;11.56;91.26;88.44
1295;0.2637;0.2406;0.2332;8.77;11.58;91.23;88.42
1296;0.2637;0.2405;0.2332;8.80;11.58;91.20;88.42
1297;0.2637;0.2406;0.2332;8.76;11.58;91.24;88.42
1298;0.2637;0.2406;0.2331;8.76;11.59;91.24;88.41
1299;0.2637;0.2406;0.2332;8.77;11.58;91.23;88.42
1300;0.2637;0.2405;0.2332;8.78;11.57;91.22;88.43
1301;0.2637;0.2404;0.2332;8.82;11.58;91.18;88.42
1302;0.2637;0.2405;0.2332;8.78;11.55;91.22;88.45
1303;0.2637;0.2407;0.2332;8.73;11.56;91.27;88.44
1304;0.2637;0.2406;0.2332;8.77;11.55;91.23;88.45
1305;0.2637;0.2406;0.2332;8.77;11.55;91.23;88.45
1306;0.2637;0.2405;0.2332;8.78;11.56;91.22;88.44
1307;0.2637;0.2406;0.2332;8.77;11.55;91.23;88.45
1308;0.2637;0.2405;0.2332;8.78;11.56;91.22;88.44
1309;0.2637;0.2407;0.2332;8.74;11.57;91.26;88.43
1310;0.2637;0.2406;0.2333;8.76;11.54;91.24;88.46
1311;0.2637;0.2407;0.2332;8.73;11.56;91.27;88.44
1312;0.2637;0.2406;0.2332;8.77;11.57;91.23;88.43
1313;0.2637;0.2406;0.2332;8.76;11.56;91.24;88.44
1314;0.2637;0.2407;0.2332;8.74;11.58;91.26;88.42
1315;0.2637;0.2407;0.2332;8.74;11.58;91.26;88.42
1316;0.2637;0.2406;0.2332;8.77;11.57;91.23;88.43
1317;0.2637;0.2406;0.2332;8.77;11.58;91.23;88.42
1318;0.2637;0.2406;0.2332;8.77;11.58;91.23;88.42
1319;0.2637;0.2406;0.2332;8.77;11.57;91.23;88.43
1320;0.2637;0.2405;0.2332;8.78;11.56;91.22;88.44
1321;0.2637;0.2406;0.2332;8.77;11.58;91.23;88.42
1322;0.2637;0.2405;0.2332;8.78;11.57;91.22;88.43
1323;0.2637;0.2405;0.2333;8.80;11.54;91.20;88.46
1324;0.2637;0.2406;0.2333;8.77;11.54;91.23;88.46
1325;0.2637;0.2406;0.2332;8.77;11.55;91.23;88.45
1326;0.2637;0.2406;0.2332;8.76;11.56;91.24;88.44
1327;0.2637;0.2406;0.2332;8.77;11.56;91.23;88.44
1328;0.2637;0.2405;0.2332;8.80;11.55;91.20;88.45
1329;0.2637;0.2406;0.2332;8.77;11.56;91.23;88.44
1330;0.2637;0.2406;0.2332;8.77;11.57;91.23;88.43
1331;0.2644;0.2406;0.2332;9.01;11.80;90.99;88.20
1332;0.2644;0.2405;0.2332;9.03;11.79;90.97;88.21
1333;0.2869;0.3057;0.3054;6.55;6.45;93.45;93.55
1334;0.2869;0.3056;0.3052;6.50;6.37;93.50;93.63
1335;0.2869;0.3057;0.3051;6.55;6.33;93.45;93.67
1336;0.2869;0.3058;0.3048;6.59;6.25;93.41;93.75
1337;0.2869;0.3057;0.3058;6.55;6.58;93.45;93.42
1338;0.2869;0.3054;0.3048;6.46;6.25;93.54;93.75
1339;0.2869;0.3054;0.3051;6.46;6.33;93.54;93.67
1340;0.2869;0.3058;0.3052;6.59;6.37;93.41;93.63
1341;0.2869;0.3057;0.3051;6.55;6.33;93.45;93.67
1342;0.2869;0.3054;0.3052;6.46;6.37;93.54;93.63
1343;0.2869;0.3061;0.3052;6.68;6.37;93.32;93.63
1344;0.2869;0.3059;0.3055;6.64;6.49;93.36;93.51
1345;0.2869;0.3061;0.3055;6.68;6.49;93.32;93.51
1346;0.2869;0.3066;0.3049;6.86;6.29;93.14;93.71
1347;0.2869;0.3058;0.3053;6.59;6.41;93.41;93.59
1348;0.2869;0.3061;0.3055;6.68;6.49;93.32;93.51
1349;0.2869;0.3059;0.3055;6.64;6.49;93.36;93.51
1350;0.2869;0.3063;0.3055;6.77;6.49;93.23;93.51
1351;0.2876;0.3054;0.3052;6.20;6.11;93.80;93.89
1352;0.2876;0.3056;0.3047;6.24;5.95;93.76;94.05
1353;0.2876;0.3053;0.3051;6.15;6.07;93.85;93.93
1354;0.2876;0.3058;0.3048;6.33;5.99;93.67;94.01
1355;0.2876;0.3053;0.3048;6.15;5.99;93.85;94.01
1356;0.2876;0.3056;0.3049;6.24;6.03;93.76;93.97
1357;0.2876;0.3057;0.3054;6.29;6.19;93.71;93.81
1358;0.2876;0.3054;0.3048;6.20;5.99;93.80;94.01
1359;0.2876;0.3056;0.3049;6.24;6.03;93.76;93.97
1360;0.2876;0.3056;0.3048;6.24;5.99;93.76;94.01
1361;0.2876;0.3059;0.3051;6.38;6.07;93.62;93.93
1362;0.2876;0.3058;0.3055;6.33;6.23;93.67;93.77
1363;0.2876;0.3061;0.3048;6.42;5.99;93.58;94.01
1364;0.2876;0.3059;0.3053;6.38;6.15;93.62;93.85
1365;0.2876;0.3062;0.3054;6.47;6.19;93.53;93.81
1366;0.2876;0.3057;0.3058;6.29;6.32;93.71;93.68
1367;0.2876;0.3057;0.3049;6.29;6.03;93.71;93.97
1368;0.2876;0.3056;0.3052;6.24;6.11;93.76;93.89
1369;0.2876;0.3059;0.3054;6.38;6.19;93.62;93.81
1370;0.2876;0.3062;0.3055;6.47;6.23;93.53;93.77
1371;0.2876;0.3058;0.3054;6.33;6.19;93.67;93.81
1372;0.2876;0.3063;0.3055;6.51;6.23;93.49;93.77
1373;0.2876;0.3061;0.3052;6.42;6.11;93.58;93.89
1374;0.2876;0.3061;0.3052;6.42;6.11;93.58;93.89
1375;0.2876;0.3061;0.3055;6.42;6.23;93.58;93.77
1376;0.2876;0.3063;0.3056;6.51;6.27;93.49;93.73
1377;0.2876;0.3059;0.3055;6.38;6.23;93.62;93.77
1378;0.2876;0.3066;0.3054;6.60;6.19;93.40;93.81
1379;0.2876;0.3066;0.3056;6.60;6.27;93.40;93.73
1380;0.2876;0.3063;0.3053;6.51;6.15;93.49;93.85
1381;0.2876;0.3065;0.3053;6.56;6.15;93.44;93.85
1382;0.2876;0.3057;0.3053;6.29;6.15;93.71;93.85
1383;0.2876;0.3062;0.3052;6.47;6.11;93.53;93.89
1384;0.2876;0.3058;0.3052;6.33;6.11;93.67;93.89
1385;0.2876;0.3065;0.3059;6.56;6.36;93.44;93.64
1386;0.2876;0.3062;0.3058;6.47;6.32;93.53;93.68
1387;0.2876;0.3065;0.3051;6.56;6.07;93.44;93.93
1388;0.2876;0.3063;0.3058;6.51;6.32;93.49;93.68
1389;0.2876;0.3063;0.3052;6.51;6.11;93.49;93.89
1390;0.2876;0.3062;0.3055;6.47;6.23;93.53;93.77
1391;0.2876;0.3062;0.3055;6.47;6.23;93.53;93.77
1392;0.2876;0.3067;0.3056;6.65;6.27;93.35;93.73
1393;0.2876;0.3063;0.3058;6.51;6.32;93.49;93.68
1394;0.2876;0.3067;0.3062;6.65;6.48;93.35;93.52
1395;0.2876;0.3066;0.3056;6.60;6.27;93.40;93.73
1396;0.2876;0.3070;0.3055;6.74;6.23;93.26;93.77
1397;0.2876;0.3071;0.3058;6.78;6.32;93.22;93.68
1398;0.2876;0.3065;0.3054;6.56;6.19;93.44;93.81
1399;0.2876;0.3067;0.3055;6.65;6.23;93.35;93.77
1400;0.2876;0.3067;0.3055;6.65;6.23;93.35;93.77
1401;0.2876;0.3068;0.3056;6.69;6.27;93.31;93.73
1402;0.2876;0.3066;0.3055;6.60;6.23;93.40;93.77
1403;0.2876;0.3067;0.3053;6.65;6.15;93.35;93.85
1404;0.2876;0.3067;0.3058;6.65;6.32;93.35;93.68
1405;0.2876;0.3066;0.3056;6.60;6.27;93.40;93.73
1406;0.2876;0.3065;0.3056;6.56;6.27;93.44;93.73
1407;0.2876;0.3065;0.3058;6.56;6.32;93.44;93.68
1408;0.2876;0.3066;0.3060;6.60;6.40;93.40;93.60
1409;0.2876;0.3066;0.3054;6.60;6.19;93.40;93.81
1410;0.2876;0.3067;0.3059;6.65;6.36;93.35;93.64
1411;0.2876;0.3065;0.3058;6.56;6.32;93.44;93.68
1412;0.2876;0.3067;0.3065;6.65;6.56;93.35;93.44
1413;0.2876;0.3070;0.3053;6.74;6.15;93.26;93.85
1414;0.2876;0.3068;0.3061;6.69;6.44;93.31;93.56
1415;0.2876;0.3068;0.3054;6.69;6.19;93.31;93.81
1416;0.2876;0.3067;0.3055;6.65;6.23;93.35;93.77
1417;0.2876;0.3066;0.3053;6.60;6.15;93.40;93.85
1418;0.2876;0.3071;0.3060;6.78;6.40;93.22;93.60
1419;0.2876;0.3070;0.3059;6.74;6.36;93.26;93.64
1420;0.2876;0.3071;0.3058;6.78;6.32;93.22;93.68
1421;0.2876;0.3067;0.3059;6.65;6.36;93.35;93.64
1422;0.2876;0.3068;0.3055;6.69;6.23;93.31;93.77
1423;0.2876;0.3068;0.3062;6.69;6.48;93.31;93.52
1424;0.2876;0.3062;0.3058;6.47;6.32;93.53;93.68
1425;0.2876;0.3067;0.3060;6.65;6.40;93.35;93.60
1426;0.2876;0.3068;0.3060;6.69;6.40;93.31;93.60
1427;0.2876;0.3071;0.3060;6.78;6.40;93.22;93.60
1428;0.2876;0.3068;0.3059;6.69;6.36;93.31;93.64
1429;0.2876;0.3066;0.3058;6.60;6.32;93.40;93.68
1430;0.2876;0.3068;0.3061;6.69;6.44;93.31;93.56
1431;0.2876;0.3070;0.3059;6.74;6.36;93.26;93.64
1432;0.2876;0.3074;0.3059;6.87;6.36;93.13;93.64
1433;0.2876;0.3076;0.3060;6.96;6.40;93.04;93.60
1434;0.2876;0.3074;0.3060;6.87;6.40;93.13;93.60
1435;0.2876;0.3070;0.3059;6.74;6.36;93.26;93.64
1436;0.2876;0.3070;0.3056;6.74;6.27;93.26;93.73
1437;0.2876;0.3066;0.3054;6.60;6.19;93.40;93.81
1438;0.2876;0.3072;0.3055;6.83;6.23;93.17;93.77
1439;0.2876;0.3072;0.3064;6.83;6.52;93.17;93.48
1440;0.2876;0.3072;0.3058;6.83;6.32;93.17;93.68
1441;0.2884;0.3053;0.3051;5.86;5.78;94.14;94.22
1442;0.2884;0.3056;0.3052;5.95;5.82;94.05;94.18
1443;0.2884;0.3061;0.3048;6.13;5.70;93.87;94.30
1444;0.2884;0.3062;0.3049;6.17;5.74;93.83;94.26
1445;0.2884;0.3059;0.3051;6.08;5.78;93.92;94.22
1446;0.2884;0.3059;0.3045;6.08;5.57;93.92;94.43
1447;0.2884;0.3059;0.3051;6.08;5.78;93.92;94.22
1448;0.2884;0.3058;0.3052;6.04;5.82;93.96;94.18
1449;0.2884;0.3062;0.3051;6.17;5.78;93.83;94.22
1450;0.2884;0.3063;0.3051;6.22;5.78;93.78;94.22
1451;0.2884;0.3059;0.3054;6.08;5.90;93.92;94.10
1452;0.2884;0.3062;0.3056;6.17;5.98;93.83;94.02
1453;0.2884;0.3059;0.3052;6.08;5.82;93.92;94.18
1454;0.2884;0.3063;0.3051;6.22;5.78;93.78;94.22
1455;0.2884;0.3067;0.3053;6.35;5.86;93.65;94.14
1456;0.2884;0.3065;0.3053;6.26;5.86;93.74;94.14
1457;0.2884;0.3063;0.3053;6.22;5.86;93.78;94.14
1458;0.2884;0.3065;0.3055;6.26;5.94;93.74;94.06
1459;0.2884;0.3065;0.3055;6.26;5.94;93.74;94.06
1460;0.2884;0.3062;0.3052;6.17;5.82;93.83;94.18
1461;0.2884;0.3062;0.3055;6.17;5.94;93.83;94.06
1462;0.2884;0.3062;0.3055;6.17;5.94;93.83;94.06
1463;0.2884;0.3062;0.3052;6.17;5.82;93.83;94.18
1464;0.2884;0.3061;0.3056;6.13;5.98;93.87;94.02
1465;0.2884;0.3062;0.3053;6.17;5.86;93.83;94.14
1466;0.2884;0.3059;0.3052;6.08;5.82;93.92;94.18
1467;0.2884;0.3059;0.3055;6.08;5.94;93.92;94.06
1468;0.2884;0.3065;0.3055;6.26;5.94;93.74;94.06
1469;0.2884;0.3062;0.3058;6.17;6.02;93.83;93.98
1470;0.2884;0.3062;0.3052;6.17;5.82;93.83;94.18
1471;0.2884;0.3066;0.3054;6.31;5.90;93.69;94.10
1472;0.2884;0.3066;0.3051;6.31;5.78;93.69;94.22
1473;0.2884;0.3067;0.3060;6.35;6.10;93.65;93.90
1474;0.2884;0.3070;0.3061;6.44;6.14;93.56;93.86
1475;0.2884;0.3066;0.3059;6.31;6.06;93.69;93.94
1476;0.2884;0.3067;0.3059;6.35;6.06;93.65;93.94
1477;0.2884;0.3068;0.3060;6.39;6.10;93.61;93.90
1478;0.2884;0.3065;0.3064;6.26;6.22;93.74;93.78
1479;0.2884;0.3066;0.3059;6.31;6.06;93.69;93.94
1480;0.2884;0.3063;0.3059;6.22;6.06;93.78;93.94
1481;0.2884;0.3065;0.3058;6.26;6.02;93.74;93.98
1482;0.2884;0.3066;0.3059;6.31;6.06;93.69;93.94
1483;0.2884;0.3066;0.3056;6.31;5.98;93.69;94.02
1484;0.2884;0.3070;0.3059;6.44;6.06;93.56;93.94
1485;0.2884;0.3067;0.3060;6.35;6.10;93.65;93.90
1486;0.2884;0.3068;0.3064;6.39;6.22;93.61;93.78
1487;0.2884;0.3065;0.3059;6.26;6.06;93.74;93.94
1488;0.2884;0.3066;0.3051;6.31;5.78;93.69;94.22
1489;0.2884;0.3070;0.3061;6.44;6.14;93.56;93.86
1490;0.2884;0.3070;0.3055;6.44;5.94;93.56;94.06
1491;0.2884;0.3063;0.3059;6.22;6.06;93.78;93.94
1492;0.2884;0.3066;0.3058;6.31;6.02;93.69;93.98
1493;0.2884;0.3071;0.3059;6.48;6.06;93.52;93.94
1494;0.2884;0.3070;0.3065;6.44;6.27;93.56;93.73
1495;0.2884;0.3068;0.3060;6.39;6.10;93.61;93.90
1496;0.2884;0.3072;0.3055;6.53;5.94;93.47;94.06
1497;0.2884;0.3066;0.3059;6.31;6.06;93.69;93.94
1498;0.2884;0.3067;0.3055;6.35;5.94;93.65;94.06
1499;0.2884;0.3067;0.3056;6.35;5.98;93.65;94.02
1500;0.2884;0.3068;0.3059;6.39;6.06;93.61;93.94
1501;0.2884;0.3066;0.3060;6.31;6.10;93.69;93.90
1502;0.2884;0.3067;0.3060;6.35;6.10;93.65;93.90
1503;0.2884;0.3068;0.3060;6.39;6.10;93.61;93.90
1504;0.2884;0.3066;0.3055;6.31;5.94;93.69;94.06
1505;0.2884;0.3071;0.3056;6.48;5.98;93.52;94.02
1506;0.2884;0.3068;0.3059;6.39;6.06;93.61;93.94
1507;0.2884;0.3067;0.3055;6.35;5.94;93.65;94.06
1508;0.2884;0.3068;0.3055;6.39;5.94;93.61;94.06
1509;0.2884;0.3068;0.3066;6.39;6.31;93.61;93.69
1510;0.2884;0.3074;0.3065;6.57;6.27;93.43;93.73
1511;0.2884;0.3067;0.3060;6.35;6.10;93.65;93.90
1512;0.2884;0.3070;0.3065;6.44;6.27;93.56;93.73
1513;0.2884;0.3070;0.3058;6.44;6.02;93.56;93.98
1514;0.2884;0.3074;0.3058;6.57;6.02;93.43;93.98
1515;0.2884;0.3077;0.3056;6.71;5.98;93.29;94.02
1516;0.2884;0.3070;0.3059;6.44;6.06;93.56;93.94
1517;0.2884;0.3074;0.3059;6.57;6.06;93.43;93.94
1518;0.2884;0.3072;0.3058;6.53;6.02;93.47;93.98
1519;0.2884;0.3076;0.3060;6.66;6.10;93.34;93.90
1520;0.2884;0.3068;0.3060;6.39;6.10;93.61;93.90
1521;0.2884;0.3072;0.3064;6.53;6.22;93.47;93.78
1522;0.2884;0.3071;0.3060;6.48;6.10;93.52;93.90
1523;0.2884;0.3071;0.3058;6.48;6.02;93.52;93.98
1524;0.2884;0.3070;0.3058;6.44;6.02;93.56;93.98
1525;0.2884;0.3070;0.3059;6.44;6.06;93.56;93.94
1526;0.2884;0.3072;0.3064;6.53;6.22;93.47;93.78
1527;0.2884;0.3071;0.3062;6.48;6.18;93.52;93.82
1528;0.2884;0.3075;0.3064;6.62;6.22;93.38;93.78
1529;0.2884;0.3072;0.3065;6.53;6.27;93.47;93.73
1530;0.2884;0.3070;0.3062;6.44;6.18;93.56;93.82
1531;0.2884;0.3070;0.3055;6.44;5.94;93.56;94.06
1532;0.2891;0.3068;0.3056;6.14;5.72;93.86;94.28
1533;0.2891;0.3071;0.3054;6.23;5.64;93.77;94.36
1534;0.2985;0.2447;0.2346;18.02;21.42;81.98;78.58
1535;0.2985;0.2447;0.2346;18.03;21.40;81.97;78.60
1536;0.2985;0.2446;0.2346;18.04;21.40;81.96;78.60
1537;0.2985;0.2447;0.2346;18.02;21.40;81.98;78.60
1538;0.2985;0.2447;0.2346;18.03;21.40;81.97;78.60
1539;0.2985;0.3000;0.2346;0.50;21.41;99.50;78.59
1540;0.2985;0.2446;0.2346;18.05;21.41;81.95;78.59
1541;0.2985;0.2447;0.2346;18.01;21.40;81.99;78.60
1542;0.2985;0.3000;0.2346;0.50;21.40;99.50;78.60
1543;0.2985;0.2447;0.2346;18.02;21.42;81.98;78.58
1544;0.2985;0.2447;0.2347;18.03;21.38;81.97;78.62
1545;0.2985;0.2447;0.2346;18.03;21.41;81.97;78.59
1546;0.2985;0.2447;0.2347;18.03;21.39;81.97;78.61
1547;0.2985;0.2447;0.2346;18.01;21.40;81.99;78.60
1548;0.2985;0.2447;0.2346;18.01;21.40;81.99;78.60
1549;0.2985;0.2447;0.2346;18.01;21.40;81.99;78.60
1550;0.2985;0.2447;0.2346;18.03;21.39;81.97;78.61
1551;0.2985;0.2447;0.2346;18.02;21.40;81.98;78.60
1552;0.2985;0.2447;0.2346;18.03;21.40;81.97;78.60
1553;0.2985;0.2447;0.2347;18.01;21.39;81.99;78.61
1554;0.2985;0.2447;0.3000;18.01;0.51;81.99;99.49
1555;0.2985;0.3004;0.3000;0.63;0.51;99.37;99.49
1556;0.2985;0.3001;0.3010;0.55;0.82;99.45;99.18
1557;0.2985;0.3000;0.3004;0.50;0.62;99.50;99.38
1558;0.2985;0.2447;0.3001;18.01;0.55;81.99;99.45
1559;0.2985;0.2447;0.2347;18.01;21.38;81.99;78.62
1560;0.2985;0.3001;0.3002;0.55;0.58;99.45;99.42
1561;0.2993;0.2447;0.2346;18.25;21.61;81.75;78.39
1562;0.2993;0.2447;0.2346;18.23;21.62;81.77;78.38
1563;0.2993;0.2447;0.2346;18.25;21.61;81.75;78.39
1564;0.2993;0.2447;0.2346;18.25;21.62;81.75;78.38
1565;0.2993;0.2447;0.2346;18.23;21.61;81.77;78.39
1566;0.2993;0.2447;0.2346;18.25;21.63;81.75;78.37
1567;0.2993;0.2446;0.2346;18.26;21.62;81.74;78.38
1568;0.2993;0.2447;0.2346;18.23;21.60;81.77;78.40
1569;0.2993;0.2447;0.2346;18.24;21.60;81.76;78.40
1570;0.2993;0.2447;0.2346;18.24;21.60;81.76;78.40
1571;0.2993;0.2447;0.2346;18.25;21.61;81.75;78.39
1572;0.2993;0.2447;0.2346;18.25;21.61;81.75;78.39
1573;0.2993;0.2447;0.2346;18.23;21.61;81.77;78.39
1574;0.2993;0.2447;0.2346;18.24;21.61;81.76;78.39
1575;0.2993;0.2447;0.2346;18.23;21.61;81.77;78.39
1576;0.2993;0.3001;0.2346;0.28;21.60;99.72;78.40
1577;0.2993;0.2447;0.2347;18.23;21.60;81.77;78.40
1578;0.2993;0.2447;0.2346;18.25;21.61;81.75;78.39
1579;0.2993;0.2448;0.2346;18.22;21.60;81.78;78.40
1580;0.2993;0.2447;0.2346;18.25;21.61;81.75;78.39
1581;0.2993;0.2447;0.2346;18.25;21.60;81.75;78.40
1582;0.2993;0.2447;0.2347;18.25;21.59;81.75;78.41
1583;0.2993;0.2447;0.2347;18.23;21.60;81.77;78.40
1584;0.2993;0.2447;0.2346;18.25;21.60;81.75;78.40
1585;0.2993;0.2447;0.3000;18.23;0.24;81.77;99.76
1586;0.2993;0.3001;0.2347;0.28;21.60;99.72;78.40
1587;0.2993;0.2447;0.2347;18.24;21.60;81.76;78.40
1588;0.2993;0.2448;0.2346;18.22;21.61;81.78;78.39
1589;0.2993;0.2448;0.2346;18.22;21.61;81.78;78.39
1590;0.2993;0.2447;0.2346;18.25;21.60;81.75;78.40
1591;0.2993;0.2448;0.2346;18.22;21.61;81.78;78.39
1592;0.2993;0.2447;0.2346;18.24;21.61;81.76;78.39
1593;0.2993;0.2447;0.2347;18.25;21.60;81.75;78.40
1594;0.2993;0.2447;0.2346;18.24;21.61;81.76;78.39
1595;0.2993;0.2447;0.2346;18.24;21.61;81.76;78.39
1596;0.2993;0.3000;0.2346;0.23;21.60;99.77;78.40
1597;0.2993;0.2448;0.3000;18.22;0.24;81.78;99.76
1598;0.2993;0.3000;0.2347;0.23;21.59;99.77;78.41
1599;0.2993;0.2448;0.3001;18.22;0.28;81.78;99.72
1600;0.2993;0.2447;0.3001;18.24;0.28;81.76;99.72
1601;0.2993;0.2447;0.2347;18.25;21.59;81.75;78.41
1602;0.2993;0.2447;0.2346;18.23;21.60;81.77;78.40
1603;0.2993;0.3000;0.2347;0.23;21.60;99.77;78.40
1604;0.2993;0.2448;0.2346;18.22;21.61;81.78;78.39
1605;0.2993;0.2448;0.2347;18.22;21.60;81.78;78.40
1606;0.2993;0.2448;0.2346;18.22;21.61;81.78;78.39
1607;0.2993;0.2447;0.2347;18.24;21.60;81.76;78.40
1608;0.2993;0.2447;0.2346;18.23;21.60;81.77;78.40
1609;0.2993;0.2447;0.2346;18.25;21.60;81.75;78.40
1610;0.2993;0.2447;0.3000;18.25;0.24;81.75;99.76
1611;0.2993;0.2448;0.3002;18.22;0.32;81.78;99.68
1612;0.2993;0.2447;0.3000;18.23;0.24;81.77;99.76
1613;0.2993;0.2448;0.2347;18.22;21.59;81.78;78.41
1614;0.2993;0.3003;0.2347;0.32;21.60;99.68;78.40
1615;0.2993;0.3000;0.2347;0.23;21.60;99.77;78.40
1616;0.2993;0.3003;0.2346;0.32;21.61;99.68;78.39
1617;0.2993;0.3003;0.2346;0.32;21.61;99.68;78.39
1618;0.2993;0.3000;0.3001;0.23;0.28;99.77;99.72
1619;0.2993;0.2448;0.3001;18.22;0.28;81.78;99.72
1620;0.2993;0.2448;0.3001;18.22;0.28;81.78;99.72
1621;0.2993;0.3000;0.3002;0.23;0.32;99.77;99.68
1622;0.2993;0.3004;0.2347;0.36;21.59;99.64;78.41
1623;0.2993;0.3001;0.3004;0.28;0.36;99.72;99.64
1624;0.2993;0.3006;0.3000;0.45;0.24;99.55;99.76
1625;0.2993;0.3005;0.3001;0.41;0.28;99.59;99.72
1626;0.2993;0.2448;0.2347;18.22;21.60;81.78;78.40
1627;0.2993;0.2448;0.2347;18.22;21.59;81.78;78.41
1628;0.2993;0.3000;0.3000;0.23;0.24;99.77;99.76
1629;0.2993;0.3000;0.2347;0.23;21.59;99.77;78.41
1630;0.2993;0.3000;0.2347;0.23;21.59;99.77;78.41
1631;0.2993;0.2447;0.2346;18.24;21.60;81.76;78.40
1632;0.2993;0.3001;0.3001;0.28;0.28;99.72;99.72
1633;0.2993;0.3001;0.3002;0.28;0.32;99.72;99.68
1634;0.2993;0.3001;0.3004;0.28;0.36;99.72;99.64
1635;0.2993;0.3000;0.3002;0.23;0.32;99.77;99.68
1636;0.2993;0.3001;0.3005;0.28;0.39;99.72;99.61
1637;0.2993;0.3005;0.2347;0.41;21.59;99.59;78.41
1638;0.2993;0.3003;0.3000;0.32;0.24;99.68;99.76
1639;0.2993;0.3006;0.2347;0.45;21.59;99.55;78.41
1640;0.2993;0.3001;0.2347;0.28;21.59;99.72;78.41
1641;0.2993;0.3000;0.3000;0.23;0.24;99.77;99.76
1642;0.2993;0.3000;0.3000;0.23;0.24;99.77;99.76
1643;0.2993;0.3001;0.3000;0.28;0.24;99.72;99.76
1644;0.2993;0.3003;0.3002;0.32;0.32;99.68;99.68
1645;0.2993;0.2448;0.3001;18.22;0.28;81.78;99.72
1646;0.2993;0.2448;0.3001;18.22;0.28;81.78;99.72
1647;0.2993;0.3001;0.3001;0.28;0.28;99.72;99.72
1648;0.2993;0.2448;0.3000;18.22;0.24;81.78;99.76
1649;0.2993;0.2448;0.3000;18.22;0.24;81.78;99.76
1650;0.2993;0.3003;0.3001;0.32;0.28;99.68;99.72
1651;0.2993;0.2448;0.3001;18.22;0.28;81.78;99.72
1652;0.2993;0.3001;0.2346;0.28;21.60;99.72;78.40
1653;0.2993;0.3006;0.3001;0.45;0.28;99.55;99.72
1654;0.2993;0.3003;0.2347;0.32;21.60;99.68;78.40
1655;0.2993;0.3004;0.3005;0.36;0.39;99.64;99.61
1656;0.2993;0.3003;0.3000;0.32;0.24;99.68;99.76
1657;0.2993;0.3001;0.3000;0.28;0.24;99.72;99.76
1658;0.2993;0.3004;0.3002;0.36;0.32;99.64;99.68
1659;0.2993;0.2447;0.3001;18.23;0.28;81.77;99.72
1660;0.2993;0.3005;0.3004;0.41;0.36;99.59;99.64
1661;0.2993;0.2448;0.3002;18.22;0.32;81.78;99.68
1662;0.2993;0.3000;0.3004;0.23;0.36;99.77;99.64
1663;0.2993;0.3003;0.3005;0.32;0.39;99.68;99.61
1664;0.2993;0.3001;0.3006;0.28;0.43;99.72;99.57
1665;0.2993;0.3001;0.3001;0.28;0.28;99.72;99.72
1666;0.2993;0.3001;0.3001;0.28;0.28;99.72;99.72
1667;0.2993;0.3006;0.3002;0.45;0.32;99.55;99.68
1668;0.2993;0.3000;0.2347;0.23;21.60;99.77;78.40
1669;0.2993;0.3003;0.3002;0.32;0.32;99.68;99.68
1670;0.2993;0.3005;0.3000;0.41;0.24;99.59;99.76
1671;0.2993;0.3001;0.3001;0.28;0.28;99.72;99.72
1672;0.2993;0.3004;0.3002;0.36;0.32;99.64;99.68
1673;0.2993;0.3001;0.2347;0.28;21.59;99.72;78.41
1674;0.2993;0.3003;0.3001;0.32;0.28;99.68;99.72
1675;0.2993;0.3003;0.3004;0.32;0.36;99.68;99.64
1676;0.2993;0.3001;0.2347;0.28;21.59;99.72;78.41
1677;0.2993;0.2448;0.3002;18.22;0.32;81.78;99.68
1678;0.2993;0.2448;0.3001;18.22;0.28;81.78;99.72
1679;0.2993;0.3001;0.2347;0.28;21.60;99.72;78.40
1680;0.2993;0.3004;0.3004;0.36;0.36;99.64;99.64
1681;0.2993;0.3001;0.3000;0.28;0.24;99.72;99.76
1682;0.2993;0.3006;0.3002;0.45;0.32;99.55;99.68
1683;0.2993;0.3008;0.2346;0.49;21.60;99.51;78.40
1684;0.2993;0.3001;0.3002;0.28;0.32;99.72;99.68
1685;0.2993;0.3000;0.3002;0.23;0.32;99.77;99.68
1686;0.2993;0.3001;0.3004;0.28;0.36;99.72;99.64
1687;0.2993;0.3001;0.3004;0.28;0.36;99.72;99.64
1688;0.2993;0.2447;0.3006;18.23;0.43;81.77;99.57
1689;0.2993;0.3004;0.3005;0.36;0.39;99.64;99.61
1690;0.2993;0.2448;0.3001;18.22;0.28;81.78;99.72
1691;0.2993;0.3006;0.3000;0.45;0.24;99.55;99.76
1692;0.2993;0.3005;0.3002;0.41;0.32;99.59;99.68
1693;0.2993;0.3004;0.3002;0.36;0.32;99.64;99.68
1694;0.2993;0.3005;0.3004;0.41;0.36;99.59;99.64
1695;0.2993;0.2448;0.3005;18.22;0.39;81.78;99.61
1696;0.2993;0.3000;0.3005;0.23;0.39;99.77;99.61
1697;0.3000;0.2447;0.2346;18.44;21.81;81.56;78.19
1698;0.3000;0.2447;0.2346;18.43;21.81;81.57;78.19
1699;0.3000;0.2446;0.2346;18.45;21.80;81.55;78.20
1700;0.3000;0.2447;0.2346;18.43;21.80;81.57;78.20
1701;0.3000;0.2447;0.2346;18.42;21.80;81.58;78.20
1702;0.3000;0.2447;0.2346;18.44;21.81;81.56;78.19
1703;0.3000;0.2447;0.2346;18.43;21.80;81.57;78.20
1704;0.3000;0.2447;0.2346;18.43;21.80;81.57;78.20
1705;0.3000;0.2447;0.2345;18.44;21.82;81.56;78.18
1706;0.3000;0.2446;0.2346;18.47;21.79;81.53;78.21
1707;0.3000;0.2446;0.2346;18.45;21.81;81.55;78.19
1708;0.3000;0.2446;0.2346;18.45;21.81;81.55;78.19
1709;0.3000;0.2446;0.2346;18.45;21.80;81.55;78.20
1710;0.3000;0.2447;0.2346;18.44;21.78;81.56;78.22
1711;0.3000;0.2446;0.2346;18.46;21.80;81.54;78.20
1712;0.3000;0.2447;0.2346;18.44;21.80;81.56;78.20
1713;0.3000;0.2447;0.2347;18.43;21.78;81.57;78.22
1714;0.3000;0.2448;0.2346;18.41;21.78;81.59;78.22
1715;0.3000;0.2448;0.2346;18.41;21.80;81.59;78.20
1716;0.3000;0.2447;0.2346;18.43;21.80;81.57;78.20
1717;0.3000;0.2447;0.2346;18.44;21.79;81.56;78.21
1718;0.3000;0.2446;0.2346;18.45;21.80;81.55;78.20
1719;0.3000;0.2447;0.2346;18.43;21.79;81.57;78.21
1720;0.3000;0.2447;0.2346;18.44;21.80;81.56;78.20
1721;0.3000;0.2447;0.2347;18.44;21.78;81.56;78.22
1722;0.3000;0.2447;0.2346;18.43;21.80;81.57;78.20
1723;0.3000;0.2447;0.2346;18.42;21.79;81.58;78.21
1724;0.3000;0.2446;0.2347;18.45;21.78;81.55;78.22
1725;0.3000;0.2447;0.2346;18.44;21.79;81.56;78.21
1726;0.3000;0.2448;0.2346;18.41;21.78;81.59;78.22
1727;0.3000;0.2446;0.2346;18.45;21.78;81.55;78.22
1728;0.3000;0.2448;0.2346;18.41;21.78;81.59;78.22
1729;0.3000;0.2447;0.2347;18.43;21.78;81.57;78.22
1730;0.3000;0.3000;0.2346;0.00;21.81;100.00;78.19
1731;0.3000;0.2447;0.2347;18.43;21.78;81.57;78.22
1732;0.3000;0.2448;0.3000;18.41;0.00;81.59;100.00
1733;0.3000;0.2447;0.2347;18.42;21.78;81.58;78.22
1734;0.3000;0.3001;0.2346;0.04;21.79;99.96;78.21
1735;0.3000;0.3003;0.3001;0.09;0.04;99.91;99.96
1736;0.3000;0.2448;0.3002;18.41;0.08;81.59;99.92
1737;0.3000;0.2447;0.2347;18.42;21.78;81.58;78.22
1738;0.3000;0.3005;0.2346;0.17;21.78;99.83;78.22
1739;0.3000;0.2447;0.2346;18.42;21.81;81.58;78.19
1740;0.3000;0.2448;0.3000;18.41;0.00;81.59;100.00
1741;0.3000;0.2447;0.3000;18.42;0.00;81.58;100.00
1742;0.3000;0.2448;0.3002;18.41;0.08;81.59;99.92
1743;0.3000;0.3001;0.2347;0.04;21.78;99.96;78.22
1744;0.3000;0.3003;0.2347;0.09;21.78;99.91;78.22
1745;0.3000;0.2448;0.3002;18.41;0.08;81.59;99.92
1746;0.3000;0.2447;0.2347;18.43;21.78;81.57;78.22
1747;0.3000;0.2447;0.3000;18.42;0.00;81.58;100.00
1748;0.3000;0.2448;0.3002;18.41;0.08;81.59;99.92
1749;0.3000;0.3001;0.3001;0.04;0.04;99.96;99.96
1750;0.3000;0.3001;0.3002;0.04;0.08;99.96;99.92
1751;0.3000;0.3004;0.2346;0.13;21.78;99.87;78.22
1752;0.3000;0.2448;0.2346;18.41;21.79;81.59;78.21
1753;0.3000;0.2448;0.2347;18.41;21.78;81.59;78.22
1754;0.3000;0.3001;0.3002;0.04;0.08;99.96;99.92
1755;0.3000;0.3001;0.3004;0.04;0.12;99.96;99.88
1756;0.3000;0.3001;0.3004;0.04;0.12;99.96;99.88
1757;0.3000;0.3004;0.3001;0.13;0.04;99.87;99.96
1758;0.3000;0.3000;0.2347;0.00;21.78;100.00;78.22
1759;0.3000;0.3005;0.2347;0.17;21.78;99.83;78.22
1760;0.3000;0.3000;0.3000;0.00;0.00;100.00;100.00
1761;0.3000;0.3003;0.2347;0.09;21.78;99.91;78.22
1762;0.3000;0.3004;0.3000;0.13;0.00;99.87;100.00
1763;0.3000;0.3001;0.3000;0.04;0.00;99.96;100.00
1764;0.3000;0.3005;0.3002;0.17;0.08;99.83;99.92
1765;0.3000;0.3001;0.2347;0.04;21.78;99.96;78.22
1766;0.3000;0.2447;0.3005;18.42;0.16;81.58;99.84
1767;0.3000;0.2448;0.2347;18.41;21.78;81.59;78.22
1768;0.3000;0.2448;0.3002;18.41;0.08;81.59;99.92
1769;0.3000;0.2448;0.3002;18.41;0.08;81.59;99.92
1770;0.3000;0.2448;0.3002;18.41;0.08;81.59;99.92
1771;0.3000;0.3005;0.3002;0.17;0.08;99.83;99.92
1772;0.3000;0.3001;0.3001;0.04;0.04;99.96;99.96
1773;0.3000;0.3003;0.3007;0.09;0.24;99.91;99.76
1774;0.3000;0.3000;0.3002;0.00;0.08;100.00;99.92
1775;0.3000;0.3001;0.3005;0.04;0.16;99.96;99.84
1776;0.3000;0.3003;0.3002;0.09;0.08;99.91;99.92
1777;0.3000;0.2448;0.3004;18.41;0.12;81.59;99.88
1778;0.3000;0.3001;0.3006;0.04;0.20;99.96;99.80
1779;0.3000;0.3001;0.3006;0.04;0.20;99.96;99.80
1780;0.3000;0.3000;0.3008;0.00;0.28;100.00;99.72
1781;0.3000;0.3000;0.3008;0.00;0.28;100.00;99.72
1782;0.3000;0.3004;0.2347;0.13;21.78;99.87;78.22
1783;0.3000;0.3004;0.3002;0.13;0.08;99.87;99.92
1784;0.3000;0.3001;0.3001;0.04;0.04;99.96;99.96
1785;0.3000;0.3000;0.3007;0.00;0.24;100.00;99.76
1786;0.3000;0.3004;0.3002;0.13;0.08;99.87;99.92
1787;0.3000;0.2448;0.3000;18.41;0.00;81.59;100.00
1788;0.3007;0.2447;0.2346;18.63;21.97;81.37;78.03
1789;0.3007;0.2446;0.2346;18.64;21.97;81.36;78.03
1790;0.3007;0.2447;0.2346;18.61;21.97;81.39;78.03
1791;0.3007;0.2447;0.2346;18.63;21.97;81.37;78.03
1792;0.3007;0.2447;0.2346;18.63;21.98;81.37;78.02
1793;0.3007;0.2447;0.2346;18.61;21.97;81.39;78.03
1794;0.3007;0.2447;0.2346;18.62;21.97;81.38;78.03
1795;0.3007;0.2447;0.2346;18.63;21.97;81.37;78.03
1796;0.3007;0.2447;0.2346;18.63;21.97;81.37;78.03
1797;0.3007;0.2448;0.2346;18.60;21.97;81.40;78.03
1798;0.3007;0.2447;0.2347;18.63;21.96;81.37;78.04
1799;0.3007;0.2448;0.2346;18.60;21.97;81.40;78.03
1800;0.3007;0.3000;0.2346;0.23;21.97;99.77;78.03
1801;0.3007;0.3000;0.2347;0.23;21.96;99.77;78.04
1802;0.3007;0.2447;0.2346;18.63;21.97;81.37;78.03
1803;0.3007;0.2447;0.2346;18.62;21.97;81.38;78.03
1804;0.3007;0.2447;0.2346;18.61;21.97;81.39;78.03
1805;0.3007;0.3001;0.2346;0.19;21.97;99.81;78.03
1806;0.3007;0.2447;0.2346;18.62;21.98;81.38;78.02
1807;0.3007;0.3000;0.2346;0.23;21.97;99.77;78.03
1808;0.3007;0.2447;0.2347;18.61;21.96;81.39;78.04
1809;0.3007;0.2447;0.2346;18.62;21.98;81.38;78.02
1810;0.3007;0.2447;0.2346;18.62;21.97;81.38;78.03
1811;0.3007;0.2447;0.3001;18.63;0.19;81.37;99.81
1812;0.3007;0.2446;0.2347;18.64;21.96;81.36;78.04
1813;0.3007;0.3003;0.2346;0.15;21.97;99.85;78.03
1814;0.3007;0.3003;0.2346;0.15;21.97;99.85;78.03
1815;0.3007;0.2447;0.3005;18.61;0.07;81.39;99.93
1816;0.3007;0.2448;0.2347;18.60;21.96;81.40;78.04
1817;0.3007;0.2448;0.2346;18.60;21.97;81.40;78.03
1818;0.3007;0.3003;0.2347;0.15;21.96;99.85;78.04
1819;0.3007;0.3000;0.3000;0.23;0.23;99.77;99.77
1820;0.3007;0.3001;0.3000;0.19;0.23;99.81;99.77
1821;0.3007;0.2447;0.2347;18.62;21.96;81.38;78.04
1822;0.3007;0.3001;0.2347;0.19;21.96;99.81;78.04
1823;0.3007;0.2447;0.3001;18.62;0.19;81.38;99.81
1824;0.3007;0.2447;0.3002;18.61;0.15;81.39;99.85
1825;0.3007;0.2447;0.2347;18.62;21.96;81.38;78.04
1826;0.3007;0.2447;0.2346;18.61;21.97;81.39;78.03
1827;0.3007;0.2447;0.3000;18.62;0.23;81.38;99.77
1828;0.3007;0.2447;0.3000;18.61;0.23;81.39;99.77
1829;0.3007;0.2447;0.3000;18.62;0.23;81.38;99.77
1830;0.3007;0.2448;0.3005;18.60;0.07;81.40;99.93
1831;0.3007;0.2447;0.3000;18.62;0.23;81.38;99.77
1832;0.3007;0.3003;0.2346;0.15;21.97;99.85;78.03
1833;0.3007;0.3000;0.2347;0.23;21.96;99.77;78.04
1834;0.3007;0.3001;0.3000;0.19;0.23;99.81;99.77
1835;0.3007;0.3003;0.2347;0.15;21.96;99.85;78.04
1836;0.3007;0.2448;0.2346;18.60;21.97;81.40;78.03
1837;0.3007;0.3000;0.2346;0.23;21.97;99.77;78.03
1838;0.3007;0.2448;0.2347;18.60;21.96;81.40;78.04
1839;0.3007;0.2448;0.2347;18.60;21.96;81.40;78.04
1840;0.3007;0.2447;0.2347;18.61;21.96;81.39;78.04
1841;0.3007;0.3001;0.3001;0.19;0.19;99.81;99.81
1842;0.3007;0.2448;0.2347;18.60;21.96;81.40;78.04
1843;0.3007;0.2448;0.2347;18.60;21.96;81.40;78.04
1844;0.3007;0.2447;0.3000;18.63;0.23;81.37;99.77
1845;0.3007;0.3001;0.3000;0.19;0.23;99.81;99.77
1846;0.3007;0.2447;0.2347;18.62;21.96;81.38;78.04
1847;0.3007;0.3000;0.2346;0.23;21.97;99.77;78.03
1848;0.3007;0.2447;0.3006;18.61;0.03;81.39;99.97
1849;0.3007;0.3001;0.2347;0.19;21.96;99.81;78.04
1850;0.3007;0.3000;0.3002;0.23;0.15;99.77;99.85
1851;0.3007;0.3004;0.3000;0.10;0.23;99.90;99.77
1852;0.3007;0.2447;0.3000;18.62;0.23;81.38;99.77
1853;0.3007;0.2447;0.3000;18.61;0.23;81.39;99.77
1854;0.3007;0.3001;0.3000;0.19;0.23;99.81;99.77
1855;0.3007;0.2447;0.2347;18.61;21.96;81.39;78.04
1856;0.3007;0.3001;0.2346;0.19;21.97;99.81;78.03
1857;0.3007;0.3001;0.2347;0.19;21.96;99.81;78.04
1858;0.3007;0.3001;0.2346;0.19;21.97;99.81;78.03
1859;0.3007;0.2448;0.2347;18.60;21.96;81.40;78.04
1860;0.3007;0.2448;0.3002;18.60;0.15;81.40;99.85
1861;0.3007;0.2447;0.2346;18.61;21.98;81.39;78.02
1862;0.3007;0.3000;0.3001;0.23;0.19;99.77;99.81
1863;0.3007;0.3001;0.3002;0.19;0.15;99.81;99.85
1864;0.3007;0.2448;0.3001;18.60;0.19;81.40;99.81
1865;0.3007;0.3000;0.2347;0.23;21.96;99.77;78.04
1866;0.3007;0.2447;0.3006;18.62;0.03;81.38;99.97
1867;0.3007;0.3001;0.3001;0.19;0.19;99.81;99.81
1868;0.3007;0.3004;0.3002;0.10;0.15;99.90;99.85
1869;0.3007;0.3003;0.3002;0.15;0.15;99.85;99.85
1870;0.3007;0.3003;0.2347;0.15;21.96;99.85;78.04
1871;0.3007;0.3004;0.3002;0.10;0.15;99.90;99.85
1872;0.3007;0.3004;0.2347;0.10;21.96;99.90;78.04
1873;0.3007;0.3001;0.3001;0.19;0.19;99.81;99.81
1874;0.3007;0.3001;0.3001;0.19;0.19;99.81;99.81
1875;0.3007;0.3001;0.3000;0.19;0.23;99.81;99.77
1876;0.3007;0.3005;0.3005;0.06;0.07;99.94;99.93
1877;0.3007;0.2447;0.3001;18.61;0.19;81.39;99.81
1878;0.3007;0.3001;0.3001;0.19;0.19;99.81;99.81
1879;0.3007;0.3003;0.3005;0.15;0.07;99.85;99.93
1880;0.3007;0.3003;0.3000;0.15;0.23;99.85;99.77
1881;0.3007;0.3001;0.3007;0.19;0.01;99.81;99.99
1882;0.3007;0.3005;0.3001;0.06;0.19;99.94;99.81
1883;0.3007;0.2448;0.3001;18.60;0.19;81.40;99.81
1884;0.3007;0.3001;0.3001;0.19;0.19;99.81;99.81
1885;0.3007;0.3003;0.3002;0.15;0.15;99.85;99.85
1886;0.3007;0.3006;0.3004;0.02;0.11;99.98;99.89
1887;0.3007;0.3001;0.3002;0.19;0.15;99.81;99.85
1888;0.3007;0.3001;0.3002;0.19;0.15;99.81;99.85
1889;0.3007;0.2447;0.3002;18.62;0.15;81.38;99.85
1890;0.3007;0.3003;0.3001;0.15;0.19;99.85;99.81
1891;0.3007;0.3001;0.3004;0.19;0.11;99.81;99.89
1892;0.3007;0.2448;0.3001;18.60;0.19;81.40;99.81
1893;0.3007;0.2448;0.3002;18.60;0.15;81.40;99.85
1894;0.3007;0.3000;0.3006;0.23;0.03;99.77;99.97
1895;0.3007;0.3003;0.3004;0.15;0.11;99.85;99.89
1896;0.3007;0.3000;0.3005;0.23;0.07;99.77;99.93
1897;0.3007;0.3000;0.3004;0.23;0.11;99.77;99.89
1898;0.3007;0.2448;0.3000;18.60;0.23;81.40;99.77
1899;0.3007;0.3001;0.3002;0.19;0.15;99.81;99.85
1900;0.3007;0.3005;0.2347;0.06;21.96;99.94;78.04
1901;0.3007;0.3004;0.3001;0.10;0.19;99.90;99.81
1902;0.3007;0.3003;0.3001;0.15;0.19;99.85;99.81
1903;0.3007;0.3003;0.3004;0.15;0.11;99.85;99.89
1904;0.3007;0.3001;0.3008;0.19;0.04;99.81;99.96
1905;0.3007;0.2448;0.3002;18.60;0.15;81.40;99.85
1906;0.3007;0.3000;0.3007;0.23;0.01;99.77;99.99
1907;0.3007;0.3000;0.3007;0.23;0.01;99.77;99.99
1908;0.3007;0.3005;0.3007;0.06;0.01;99.94;99.99
1909;0.3007;0.3000;0.3007;0.23;0.01;99.77;99.99
1910;0.3007;0.2448;0.3007;18.60;0.01;81.40;99.99
1911;0.3007;0.2447;0.3005;18.61;0.07;81.39;99.93
1912;0.3007;0.3001;0.3006;0.19;0.03;99.81;99.97
1913;0.3007;0.3004;0.3006;0.10;0.03;99.90;99.97
1914;0.3007;0.2448;0.3002;18.60;0.15;81.40;99.85
1915;0.3007;0.3005;0.3006;0.06;0.03;99.94;99.97
1916;0.3007;0.3005;0.3004;0.06;0.11;99.94;99.89
1917;0.3007;0.3000;0.3000;0.23;0.23;99.77;99.77
1918;0.3007;0.3005;0.3007;0.06;0.01;99.94;99.99
1919;0.3007;0.3004;0.3001;0.10;0.19;99.90;99.81
1920;0.3007;0.3003;0.3001;0.15;0.19;99.85;99.81
1921;0.3007;0.3001;0.3004;0.19;0.11;99.81;99.89
1922;0.3007;0.3004;0.3001;0.10;0.19;99.90;99.81
1923;0.3007;0.3003;0.3004;0.15;0.11;99.85;99.89
1924;0.3007;0.2448;0.3001;18.60;0.19;81.40;99.81
1925;0.3007;0.3003;0.3007;0.15;0.01;99.85;99.99
1926;0.3007;0.3000;0.3001;0.23;0.19;99.77;99.81
1927;0.3007;0.3001;0.3004;0.19;0.11;99.81;99.89
1928;0.3007;0.3001;0.3004;0.19;0.11;99.81;99.89
1929;0.3007;0.3001;0.3004;0.19;0.11;99.81;99.89
1930;0.3007;0.3000;0.3001;0.23;0.19;99.77;99.81
1931;0.3007;0.3001;0.3004;0.19;0.11;99.81;99.89
1932;0.3007;0.3001;0.3005;0.19;0.07;99.81;99.93
1933;0.3007;0.3003;0.3005;0.15;0.07;99.85;99.93
1934;0.3007;0.3001;0.3005;0.19;0.07;99.81;99.93
1935;0.3007;0.3004;0.3007;0.10;0.01;99.90;99.99
1936;0.3007;0.3001;0.3007;0.19;0.01;99.81;99.99
1937;0.3007;0.3000;0.3007;0.23;0.01;99.77;99.99
1938;0.3007;0.3003;0.3004;0.15;0.11;99.85;99.89
1939;0.3007;0.3005;0.3006;0.06;0.03;99.94;99.97
1940;0.3007;0.3006;0.3005;0.02;0.07;99.98;99.93
1941;0.3007;0.3008;0.3004;0.03;0.11;99.97;99.89
1942;0.3007;0.3004;0.3004;0.10;0.11;99.90;99.89
1943;0.3007;0.3003;0.3002;0.15;0.15;99.85;99.85
1944;0.3014;0.2447;0.3001;18.82;0.42;81.18;99.58
1945;0.3363;0.3377;0.3381;0.41;0.52;99.59;99.48
1946;0.3363;0.3374;0.3378;0.33;0.45;99.67;99.55
1947;0.3363;0.3373;0.3379;0.30;0.49;99.70;99.51
1948;0.3363;0.3372;0.3377;0.26;0.42;99.74;99.58
1949;0.3370;0.3376;0.3376;0.16;0.17;99.84;99.83
1950;0.3370;0.3372;0.3379;0.05;0.28;99.95;99.72
1951;0.3370;0.3374;0.3378;0.13;0.24;99.87;99.76
1952;0.3370;0.3376;0.3381;0.16;0.31;99.84;99.69
1953;0.3370;0.3372;0.3373;0.05;0.10;99.95;99.90
1954;0.3370;0.3376;0.3378;0.16;0.24;99.84;99.76
1955;0.3370;0.3373;0.3379;0.09;0.28;99.91;99.72
1956;0.3370;0.3378;0.3375;0.24;0.14;99.76;99.86
1957;0.3370;0.3377;0.3381;0.20;0.31;99.80;99.69
1958;0.3370;0.3377;0.3382;0.20;0.35;99.80;99.65
1959;0.3370;0.3379;0.3383;0.28;0.38;99.72;99.62
1960;0.3370;0.3379;0.3379;0.28;0.28;99.72;99.72
1961;0.3378;0.3372;0.3377;0.19;0.03;99.81;99.97
1962;0.3378;0.3374;0.3377;0.11;0.03;99.89;99.97
1963;0.3378;0.3377;0.3378;0.04;0.00;99.96;100.00
1964;0.3378;0.3374;0.3377;0.11;0.03;99.89;99.97
1965;0.3378;0.3369;0.3377;0.26;0.03;99.74;99.97
1966;0.3378;0.3372;0.3379;0.19;0.04;99.81;99.96
1967;0.3378;0.3373;0.3377;0.15;0.03;99.85;99.97
1968;0.3378;0.3376;0.3382;0.07;0.11;99.93;99.89
1969;0.3378;0.3376;0.3378;0.07;0.00;99.93;100.00
1970;0.3378;0.3376;0.3382;0.07;0.11;99.93;99.89
1971;0.3378;0.3378;0.3379;0.00;0.04;100.00;99.96
1972;0.3378;0.3376;0.3378;0.07;0.00;99.93;100.00
1973;0.3378;0.3383;0.3379;0.16;0.04;99.84;99.96
1974;0.3378;0.3378;0.3381;0.00;0.07;100.00;99.93
1975;0.3378;0.3377;0.3382;0.04;0.11;99.96;99.89
1976;0.3378;0.3376;0.3381;0.07;0.07;99.93;99.93
1977;0.3378;0.3377;0.3385;0.04;0.21;99.96;99.79
1978;0.3378;0.3376;0.3382;0.07;0.11;99.93;99.89
1979;0.3378;0.3378;0.3381;0.00;0.07;100.00;99.93
1980;0.3378;0.3378;0.3383;0.00;0.14;100.00;99.86
1981;0.3378;0.3382;0.3382;0.12;0.11;99.88;99.89
1982;0.3378;0.3385;0.3381;0.19;0.07;99.81;99.93
1983;0.3378;0.3379;0.3381;0.04;0.07;99.96;99.93
1984;0.3378;0.3378;0.3379;0.00;0.04;100.00;99.96
1985;0.3378;0.3377;0.3382;0.04;0.11;99.96;99.89
1986;0.3378;0.3382;0.3381;0.12;0.07;99.88;99.93
1987;0.3378;0.3378;0.3382;0.00;0.11;100.00;99.89
1988;0.3378;0.3381;0.3384;0.08;0.18;99.92;99.82
1989;0.3378;0.3379;0.3382;0.04;0.11;99.96;99.89
1990;0.3378;0.3379;0.3384;0.04;0.18;99.96;99.82
1991;0.3378;0.3381;0.3382;0.08;0.11;99.92;99.89
1992;0.3378;0.3377;0.3386;0.04;0.25;99.96;99.75
1993;0.3378;0.3376;0.3383;0.07;0.14;99.93;99.86
1994;0.3378;0.3381;0.3386;0.08;0.25;99.92;99.75
1995;0.3378;0.3383;0.3386;0.16;0.25;99.84;99.75
1996;0.3378;0.3382;0.3384;0.12;0.18;99.88;99.82
1997;0.3378;0.3379;0.3382;0.04;0.11;99.96;99.89
1998;0.3378;0.3381;0.3382;0.08;0.11;99.92;99.89
1999;0.3378;0.3382;0.3385;0.12;0.21;99.88;99.79
2000;0.3378;0.3385;0.3383;0.19;0.14;99.81;99.86
2001;0.3378;0.3385;0.3388;0.19;0.28;99.81;99.72
2002;0.3378;0.3382;0.3384;0.12;0.18;99.88;99.82
2003;0.3378;0.3383;0.3385;0.16;0.21;99.84;99.79
2004;0.3378;0.3382;0.3377;0.12;0.03;99.88;99.97
2005;0.3378;0.3382;0.3388;0.12;0.28;99.88;99.72
2006;0.3378;0.3377;0.3381;0.04;0.07;99.96;99.93
2007;0.3378;0.3382;0.3385;0.12;0.21;99.88;99.79
2008;0.3378;0.3383;0.3388;0.16;0.28;99.84;99.72
2009;0.3378;0.3386;0.3383;0.23;0.14;99.77;99.86
2010;0.3378;0.3385;0.3384;0.19;0.18;99.81;99.82
2011;0.3378;0.3386;0.3386;0.23;0.25;99.77;99.75
2012;0.3378;0.3385;0.3386;0.19;0.25;99.81;99.75
2013;0.3378;0.3388;0.3385;0.31;0.21;99.69;99.79
2014;0.3378;0.3381;0.3384;0.08;0.18;99.92;99.82
2015;0.3378;0.3386;0.3389;0.23;0.32;99.77;99.68
2016;0.3378;0.3383;0.3386;0.16;0.25;99.84;99.75
2017;0.3378;0.3387;0.3386;0.27;0.25;99.73;99.75
2018;0.3378;0.3391;0.3384;0.39;0.18;99.61;99.82
2019;0.3378;0.3386;0.3386;0.23;0.25;99.77;99.75
2020;0.3378;0.3392;0.3388;0.42;0.28;99.58;99.72
2021;0.3378;0.3391;0.3388;0.39;0.28;99.61;99.72
2022;0.3378;0.3385;0.3389;0.19;0.32;99.81;99.68
2023;0.3378;0.3390;0.3386;0.35;0.25;99.65;99.75
2024;0.3378;0.3392;0.3386;0.42;0.25;99.58;99.75
2025;0.3378;0.3388;0.3389;0.31;0.32;99.69;99.68
2026;0.3378;0.3388;0.3389;0.31;0.32;99.69;99.68
2027;0.3378;0.3390;0.3388;0.35;0.28;99.65;99.72
2028;0.3378;0.3386;0.3382;0.23;0.11;99.77;99.89
2029;0.3378;0.3392;0.3388;0.42;0.28;99.58;99.72
2030;0.3378;0.3395;0.3389;0.50;0.32;99.50;99.68
2031;0.3378;0.3391;0.3390;0.39;0.35;99.61;99.65
2032;0.3378;0.3388;0.3389;0.31;0.32;99.69;99.68
2033;0.3378;0.3390;0.3391;0.35;0.39;99.65;99.61
2034;0.3378;0.3392;0.3384;0.42;0.18;99.58;99.82
2035;0.3378;0.3388;0.3389;0.31;0.32;99.69;99.68
2036;0.3378;0.3394;0.3392;0.46;0.42;99.54;99.58
2037;0.3378;0.3391;0.3388;0.39;0.28;99.61;99.72
2038;0.3378;0.3391;0.3393;0.39;0.46;99.61;99.54
2039;0.3378;0.3391;0.3389;0.39;0.32;99.61;99.68
2040;0.3378;0.3392;0.3391;0.42;0.39;99.58;99.61
2041;0.3378;0.3390;0.3386;0.35;0.25;99.65;99.75
2042;0.3378;0.3390;0.3386;0.35;0.25;99.65;99.75
2043;0.3378;0.3391;0.3393;0.39;0.46;99.61;99.54
2044;0.3378;0.3394;0.3396;0.46;0.53;99.54;99.47
2045;0.3378;0.3390;0.3391;0.35;0.39;99.65;99.61
2046;0.3378;0.3395;0.3388;0.50;0.28;99.50;99.72
2047;0.3378;0.3391;0.3391;0.39;0.39;99.61;99.61
2048;0.3385;0.3373;0.3376;0.36;0.27;99.64;99.73
2049;0.3385;0.3378;0.3378;0.20;0.20;99.80;99.80
2050;0.3385;0.3374;0.3378;0.32;0.20;99.68;99.80
2051;0.3385;0.3376;0.3381;0.28;0.13;99.72;99.87
2052;0.3385;0.3376;0.3377;0.28;0.24;99.72;99.76
2053;0.3385;0.3378;0.3381;0.20;0.13;99.80;99.87
2054;0.3385;0.3377;0.3377;0.24;0.24;99.76;99.76
2055;0.3385;0.3378;0.3377;0.20;0.24;99.80;99.76
2056;0.3385;0.3379;0.3382;0.17;0.10;99.83;99.90
2057;0.3385;0.3378;0.3379;0.20;0.17;99.80;99.83
2058;0.3385;0.3378;0.3379;0.20;0.17;99.80;99.83
2059;0.3385;0.3378;0.3376;0.20;0.27;99.80;99.73
2060;0.3385;0.3377;0.3376;0.24;0.27;99.76;99.73
2061;0.3385;0.3379;0.3379;0.17;0.17;99.83;99.83
2062;0.3385;0.3379;0.3376;0.17;0.27;99.83;99.73
2063;0.3385;0.3377;0.3379;0.24;0.17;99.76;99.83
2064;0.3385;0.3379;0.3379;0.17;0.17;99.83;99.83
2065;0.3385;0.3374;0.3381;0.32;0.13;99.68;99.87
2066;0.3385;0.3376;0.3379;0.28;0.17;99.72;99.83
2067;0.3385;0.3376;0.3379;0.28;0.17;99.72;99.83
2068;0.3385;0.3377;0.3377;0.24;0.24;99.76;99.76
2069;0.3385;0.3378;0.3373;0.20;0.34;99.80;99.66
2070;0.3385;0.3378;0.3382;0.20;0.10;99.80;99.90
2071;0.3385;0.3377;0.3375;0.24;0.31;99.76;99.69
2072;0.3385;0.3377;0.3381;0.24;0.13;99.76;99.87
2073;0.3385;0.3374;0.3381;0.32;0.13;99.68;99.87
2074;0.3385;0.3374;0.3384;0.32;0.03;99.68;99.97
2075;0.3385;0.3376;0.3381;0.28;0.13;99.72;99.87
2076;0.3385;0.3382;0.3379;0.09;0.17;99.91;99.83
2077;0.3385;0.3381;0.3379;0.13;0.17;99.87;99.83
2078;0.3385;0.3381;0.3379;0.13;0.17;99.87;99.83
2079;0.3385;0.3379;0.3381;0.17;0.13;99.83;99.87
2080;0.3385;0.3382;0.3381;0.09;0.13;99.91;99.87
2081;0.3385;0.3373;0.3382;0.36;0.10;99.64;99.90
2082;0.3385;0.3381;0.3382;0.13;0.10;99.87;99.90
2083;0.3385;0.3379;0.3378;0.17;0.20;99.83;99.80
2084;0.3385;0.3381;0.3377;0.13;0.24;99.87;99.76
2085;0.3385;0.3378;0.3377;0.20;0.24;99.80;99.76
2086;0.3385;0.3383;0.3382;0.05;0.10;99.95;99.90
2087;0.3385;0.3383;0.3383;0.05;0.06;99.95;99.94
2088;0.3385;0.3379;0.3378;0.17;0.20;99.83;99.80
2089;0.3385;0.3379;0.3381;0.17;0.13;99.83;99.87
2090;0.3385;0.3382;0.3381;0.09;0.13;99.91;99.87
2091;0.3385;0.3379;0.3383;0.17;0.06;99.83;99.94
2092;0.3385;0.3379;0.3382;0.17;0.10;99.83;99.90
2093;0.3385;0.3382;0.3383;0.09;0.06;99.91;99.94
2094;0.3385;0.3381;0.3384;0.13;0.03;99.87;99.97
2095;0.3385;0.3377;0.3382;0.24;0.10;99.76;99.90
2096;0.3385;0.3383;0.3384;0.05;0.03;99.95;99.97
2097;0.3385;0.3386;0.3381;0.03;0.13;99.97;99.87
2098;0.3385;0.3383;0.3384;0.05;0.03;99.95;99.97
2099;0.3385;0.3383;0.3386;0.05;0.04;99.95;99.96
2100;0.3385;0.3383;0.3385;0.05;0.01;99.95;99.99
2101;0.3385;0.3381;0.3384;0.13;0.03;99.87;99.97
2102;0.3385;0.3386;0.3382;0.03;0.10;99.97;99.90
2103;0.3385;0.3387;0.3382;0.06;0.10;99.94;99.90
2104;0.3385;0.3382;0.3386;0.09;0.04;99.91;99.96
2105;0.3385;0.3385;0.3384;0.01;0.03;99.99;99.97
2106;0.3385;0.3386;0.3384;0.03;0.03;99.97;99.97
2107;0.3385;0.3388;0.3386;0.10;0.04;99.90;99.96
2108;0.3385;0.3388;0.3382;0.10;0.10;99.90;99.90
2109;0.3385;0.3385;0.3388;0.01;0.08;99.99;99.92
2110;0.3385;0.3385;0.3384;0.01;0.03;99.99;99.97
2111;0.3385;0.3382;0.3384;0.09;0.03;99.91;99.97
2112;0.3385;0.3383;0.3384;0.05;0.03;99.95;99.97
2113;0.3385;0.3383;0.3384;0.05;0.03;99.95;99.97
2114;0.3385;0.3387;0.3386;0.06;0.04;99.94;99.96
2115;0.3385;0.3387;0.3386;0.06;0.04;99.94;99.96
2116;0.3385;0.3387;0.3381;0.06;0.13;99.94;99.87
2117;0.3385;0.3386;0.3384;0.03;0.03;99.97;99.97
2118;0.3385;0.3382;0.3389;0.09;0.11;99.91;99.89
2119;0.3385;0.3387;0.3386;0.06;0.04;99.94;99.96
2120;0.3385;0.3387;0.3384;0.06;0.03;99.94;99.97
2121;0.3385;0.3390;0.3384;0.14;0.03;99.86;99.97
2122;0.3385;0.3388;0.3383;0.10;0.06;99.90;99.94
2123;0.3385;0.3390;0.3388;0.14;0.08;99.86;99.92
2124;0.3385;0.3390;0.3385;0.14;0.01;99.86;99.99
2125;0.3385;0.3387;0.3390;0.06;0.14;99.94;99.86
2126;0.3385;0.3388;0.3392;0.10;0.21;99.90;99.79
2127;0.3385;0.3388;0.3386;0.10;0.04;99.90;99.96
2128;0.3385;0.3388;0.3392;0.10;0.21;99.90;99.79
2129;0.3385;0.3392;0.3388;0.22;0.08;99.78;99.92
2130;0.3385;0.3391;0.3390;0.18;0.14;99.82;99.86
2131;0.3385;0.3391;0.3390;0.18;0.14;99.82;99.86
2132;0.3385;0.3391;0.3390;0.18;0.14;99.82;99.86
2133;0.3385;0.3388;0.3388;0.10;0.08;99.90;99.92
2134;0.3385;0.3387;0.3389;0.06;0.11;99.94;99.89
2135;0.3385;0.3391;0.3389;0.18;0.11;99.82;99.89
2136;0.3385;0.3394;0.3391;0.25;0.18;99.75;99.82
2137;0.3385;0.3392;0.3385;0.22;0.01;99.78;99.99
2138;0.3385;0.3388;0.3391;0.10;0.18;99.90;99.82
2139;0.3385;0.3392;0.3389;0.22;0.11;99.78;99.89
2140;0.3385;0.3395;0.3391;0.29;0.18;99.71;99.82
2141;0.3385;0.3392;0.3390;0.22;0.14;99.78;99.86
2142;0.3385;0.3392;0.3385;0.22;0.01;99.78;99.99
2143;0.3385;0.3392;0.3391;0.22;0.18;99.78;99.82
2144;0.3385;0.3388;0.3389;0.10;0.11;99.90;99.89
2145;0.3385;0.3391;0.3393;0.18;0.25;99.82;99.75
2146;0.3385;0.3392;0.3395;0.22;0.28;99.78;99.72
2147;0.3385;0.3394;0.3391;0.25;0.18;99.75;99.82
2148;0.3385;0.3394;0.3389;0.25;0.11;99.75;99.89
2149;0.3385;0.3395;0.3391;0.29;0.18;99.71;99.82
2150;0.3385;0.3392;0.3391;0.22;0.18;99.78;99.82
2151;0.3385;0.3394;0.3389;0.25;0.11;99.75;99.89
2152;0.3385;0.3394;0.3390;0.25;0.14;99.75;99.86
2153;0.3385;0.3394;0.3391;0.25;0.18;99.75;99.82
2154;0.3385;0.3395;0.3390;0.29;0.14;99.71;99.86
2155;0.3385;0.3392;0.3389;0.22;0.11;99.78;99.89
2156;0.3385;0.3392;0.3390;0.22;0.14;99.78;99.86
2157;0.3385;0.3394;0.3392;0.25;0.21;99.75;99.79
2158;0.3385;0.3394;0.3393;0.25;0.25;99.75;99.75
2159;0.3385;0.3403;0.3386;0.52;0.04;99.48;99.96
2160;0.3392;0.3377;0.3378;0.45;0.41;99.55;99.59
2161;0.3392;0.3376;0.3377;0.49;0.44;99.51;99.56
2162;0.3392;0.3378;0.3377;0.41;0.44;99.59;99.56
2163;0.3392;0.3378;0.3383;0.41;0.27;99.59;99.73
2164;0.3392;0.3374;0.3381;0.52;0.34;99.48;99.66
2165;0.3392;0.3378;0.3382;0.41;0.30;99.59;99.70
2166;0.3392;0.3379;0.3379;0.37;0.37;99.63;99.63
2167;0.3392;0.3379;0.3378;0.37;0.41;99.63;99.59
2168;0.3392;0.3381;0.3381;0.33;0.34;99.67;99.66
2169;0.3392;0.3382;0.3389;0.30;0.10;99.70;99.90
2170;0.3392;0.3383;0.3381;0.26;0.34;99.74;99.66
2171;0.3392;0.3388;0.3384;0.11;0.24;99.89;99.76
2172;0.3392;0.3383;0.3383;0.26;0.27;99.74;99.73
2173;0.3392;0.3382;0.3384;0.30;0.24;99.70;99.76
2174;0.3392;0.3381;0.3382;0.33;0.30;99.67;99.70
2175;0.3392;0.3381;0.3379;0.33;0.37;99.67;99.63
2176;0.3392;0.3385;0.3382;0.22;0.30;99.78;99.70
2177;0.3392;0.3386;0.3382;0.18;0.30;99.82;99.70
2178;0.3392;0.3381;0.3384;0.33;0.24;99.67;99.76
2179;0.3392;0.3385;0.3385;0.22;0.20;99.78;99.80
2180;0.3392;0.3383;0.3385;0.26;0.20;99.74;99.80
2181;0.3392;0.3382;0.3383;0.30;0.27;99.70;99.73
2182;0.3392;0.3383;0.3384;0.26;0.24;99.74;99.76
2183;0.3392;0.3386;0.3386;0.18;0.17;99.82;99.83
2184;0.3392;0.3387;0.3381;0.14;0.34;99.86;99.66
2185;0.3392;0.3387;0.3384;0.14;0.24;99.86;99.76
2186;0.3392;0.3385;0.3385;0.22;0.20;99.78;99.80
2187;0.3392;0.3386;0.3384;0.18;0.24;99.82;99.76
2188;0.3392;0.3388;0.3384;0.11;0.24;99.89;99.76
2189;0.3392;0.3383;0.3386;0.26;0.17;99.74;99.83
2190;0.3392;0.3385;0.3388;0.22;0.13;99.78;99.87
2191;0.3392;0.3385;0.3389;0.22;0.10;99.78;99.90
2192;0.3392;0.3386;0.3384;0.18;0.24;99.82;99.76
2193;0.3392;0.3390;0.3391;0.07;0.03;99.93;99.97
2194;0.3392;0.3387;0.3390;0.14;0.06;99.86;99.94
2195;0.3392;0.3386;0.3386;0.18;0.17;99.82;99.83
2196;0.3392;0.3382;0.3388;0.30;0.13;99.70;99.87
2197;0.3392;0.3390;0.3385;0.07;0.20;99.93;99.80
2198;0.3392;0.3385;0.3386;0.22;0.17;99.78;99.83
2199;0.3392;0.3387;0.3388;0.14;0.13;99.86;99.87
2200;0.3392;0.3381;0.3386;0.33;0.17;99.67;99.83
2201;0.3392;0.3390;0.3388;0.07;0.13;99.93;99.87
2202;0.3392;0.3383;0.3388;0.26;0.13;99.74;99.87
2203;0.3392;0.3385;0.3388;0.22;0.13;99.78;99.87
2204;0.3392;0.3390;0.3384;0.07;0.24;99.93;99.76
2205;0.3392;0.3385;0.3386;0.22;0.17;99.78;99.83
2206;0.3392;0.3388;0.3388;0.11;0.13;99.89;99.87
2207;0.3392;0.3390;0.3386;0.07;0.17;99.93;99.83
2208;0.3392;0.3386;0.3390;0.18;0.06;99.82;99.94
2209;0.3392;0.3388;0.3382;0.11;0.30;99.89;99.70
2210;0.3392;0.3390;0.3389;0.07;0.10;99.93;99.90
2211;0.3392;0.3388;0.3389;0.11;0.10;99.89;99.90
2212;0.3392;0.3388;0.3389;0.11;0.10;99.89;99.90
2213;0.3392;0.3387;0.3388;0.14;0.13;99.86;99.87
2214;0.3392;0.3387;0.3388;0.14;0.13;99.86;99.87
2215;0.3392;0.3391;0.3390;0.03;0.06;99.97;99.94
2216;0.3392;0.3386;0.3391;0.18;0.03;99.82;99.97
2217;0.3392;0.3388;0.3388;0.11;0.13;99.89;99.87
2218;0.3392;0.3387;0.3389;0.14;0.10;99.86;99.90
2219;0.3392;0.3387;0.3388;0.14;0.13;99.86;99.87
2220;0.3392;0.3390;0.3389;0.07;0.10;99.93;99.90
2221;0.3392;0.3387;0.3389;0.14;0.10;99.86;99.90
2222;0.3392;0.3396;0.3385;0.12;0.20;99.88;99.80
2223;0.3392;0.3385;0.3391;0.22;0.03;99.78;99.97
2224;0.3392;0.3390;0.3388;0.07;0.13;99.93;99.87
2225;0.3392;0.3392;0.3390;0.01;0.06;99.99;99.94
2226;0.3392;0.3388;0.3384;0.11;0.24;99.89;99.76
2227;0.3392;0.3390;0.3388;0.07;0.13;99.93;99.87
2228;0.3392;0.3387;0.3386;0.14;0.17;99.86;99.83
2229;0.3392;0.3391;0.3390;0.03;0.06;99.97;99.94
2230;0.3392;0.3390;0.3388;0.07;0.13;99.93;99.87
2231;0.3392;0.3390;0.3388;0.07;0.13;99.93;99.87
2232;0.3392;0.3394;0.3388;0.05;0.13;99.95;99.87
2233;0.3392;0.3391;0.3388;0.03;0.13;99.97;99.87
2234;0.3392;0.3391;0.3388;0.03;0.13;99.97;99.87
2235;0.3392;0.3391;0.3389;0.03;0.10;99.97;99.90
2236;0.3392;0.3387;0.3390;0.14;0.06;99.86;99.94
2237;0.3392;0.3388;0.3386;0.11;0.17;99.89;99.83
2238;0.3392;0.3392;0.3389;0.01;0.10;99.99;99.90
2239;0.3392;0.3387;0.3389;0.14;0.10;99.86;99.90
2240;0.3392;0.3394;0.3386;0.05;0.17;99.95;99.83
2241;0.3392;0.3396;0.3389;0.12;0.10;99.88;99.90
2242;0.3392;0.3390;0.3391;0.07;0.03;99.93;99.97
2243;0.3392;0.3388;0.3389;0.11;0.10;99.89;99.90
2244;0.3392;0.3390;0.3390;0.07;0.06;99.93;99.94
2245;0.3392;0.3388;0.3391;0.11;0.03;99.89;99.97
2246;0.3392;0.3386;0.3390;0.18;0.06;99.82;99.94
2247;0.3392;0.3390;0.3386;0.07;0.17;99.93;99.83
2248;0.3392;0.3397;0.3393;0.16;0.04;99.84;99.96
2249;0.3392;0.3395;0.3392;0.08;0.01;99.92;99.99
2250;0.3392;0.3392;0.3390;0.01;0.06;99.99;99.94
2251;0.3392;0.3395;0.3392;0.08;0.01;99.92;99.99
2252;0.3392;0.3396;0.3393;0.12;0.04;99.88;99.96
2253;0.3392;0.3394;0.3391;0.05;0.03;99.95;99.97
2254;0.3392;0.3396;0.3393;0.12;0.04;99.88;99.96
2255;0.3392;0.3392;0.3391;0.01;0.03;99.99;99.97
2256;0.3392;0.3390;0.3390;0.07;0.06;99.93;99.94
2257;0.3392;0.3392;0.3390;0.01;0.06;99.99;99.94
2258;0.3392;0.3397;0.3390;0.16;0.06;99.84;99.94
2259;0.3392;0.3403;0.3386;0.31;0.17;99.69;99.83
2260;0.3392;0.3396;0.3391;0.12;0.03;99.88;99.97
2261;0.3399;0.3395;0.3389;0.12;0.30;99.88;99.70
2262;0.3399;0.3391;0.3389;0.24;0.30;99.76;99.70
2263;0.3399;0.3394;0.3390;0.16;0.27;99.84;99.73
2264;0.3399;0.3396;0.3392;0.08;0.20;99.92;99.80
2265;0.3399;0.3395;0.3391;0.12;0.23;99.88;99.77
2266;0.3399;0.3395;0.3396;0.12;0.10;99.88;99.90
2267;0.3399;0.3392;0.3391;0.20;0.23;99.80;99.77
2268;0.3399;0.3397;0.3390;0.05;0.27;99.95;99.73
2269;0.3399;0.3391;0.3392;0.24;0.20;99.76;99.80
2270;0.3399;0.3396;0.3391;0.08;0.23;99.92;99.77
2271;0.3566;0.3493;0.3413;2.05;4.28;97.95;95.72
2272;0.3566;0.3497;0.3411;1.94;4.35;98.06;95.65
2273;0.3566;0.3497;0.3411;1.94;4.35;98.06;95.65
2274;0.3566;0.3496;0.3413;1.98;4.28;98.02;95.72
2275;0.3566;0.3490;0.3412;2.12;4.31;97.88;95.69
2276;0.3574;0.3493;0.3405;2.27;4.72;97.73;95.28
2277;0.3574;0.3489;0.3409;2.38;4.63;97.62;95.37
2278;0.3574;0.3497;0.3409;2.16;4.63;97.84;95.37
2279;0.3574;0.3492;0.3412;2.30;4.53;97.70;95.47
2280;0.3574;0.3494;0.3412;2.23;4.53;97.77;95.47
2281;0.3574;0.3497;0.3413;2.16;4.49;97.84;95.51
2282;0.3574;0.3498;0.3412;2.12;4.53;97.88;95.47
2283;0.3574;0.3498;0.3416;2.12;4.43;97.88;95.57
2284;0.3574;0.3497;0.3416;2.16;4.43;97.84;95.57
2285;0.3574;0.3496;0.3419;2.20;4.33;97.80;95.67
2286;0.3574;0.3498;0.3418;2.12;4.36;97.88;95.64
2287;0.3574;0.3493;0.3413;2.27;4.49;97.73;95.51
2288;0.3574;0.3501;0.3417;2.05;4.40;97.95;95.60
2289;0.3574;0.3498;0.3417;2.12;4.40;97.88;95.60
2290;0.3574;0.3498;0.3417;2.12;4.40;97.88;95.60
2291;0.3574;0.3498;0.3415;2.12;4.46;97.88;95.54
2292;0.3574;0.3498;0.3418;2.12;4.36;97.88;95.64
2293;0.3574;0.3501;0.3415;2.05;4.46;97.95;95.54
2294;0.3574;0.3501;0.3422;2.05;4.26;97.95;95.74
2295;0.3574;0.3496;0.3420;2.20;4.30;97.80;95.70
2296;0.3574;0.3496;0.3422;2.20;4.26;97.80;95.74
2297;0.3574;0.3498;0.3422;2.12;4.26;97.88;95.74
2298;0.3574;0.3503;0.3416;1.98;4.43;98.02;95.57
2299;0.3574;0.3499;0.3418;2.09;4.36;97.91;95.64
2300;0.3574;0.3498;0.3418;2.12;4.36;97.88;95.64
2301;0.3574;0.3501;0.3416;2.05;4.43;97.95;95.57
2302;0.3574;0.3505;0.3419;1.94;4.33;98.06;95.67
2303;0.3574;0.3502;0.3417;2.02;4.40;97.98;95.60
2304;0.3574;0.3501;0.3420;2.05;4.30;97.95;95.70
2305;0.3574;0.3503;0.3415;1.98;4.46;98.02;95.54
2306;0.3574;0.3499;0.3420;2.09;4.30;97.91;95.70
2307;0.3574;0.3505;0.3422;1.94;4.26;98.06;95.74
2308;0.3574;0.3506;0.3420;1.91;4.30;98.09;95.70
2309;0.3574;0.3502;0.3419;2.02;4.33;97.98;95.67
2310;0.3574;0.3502;0.3417;2.02;4.40;97.98;95.60
2311;0.3574;0.3503;0.3425;1.98;4.17;98.02;95.83
2312;0.3574;0.3507;0.3423;1.87;4.23;98.13;95.77
2313;0.3574;0.3510;0.3425;1.80;4.17;98.20;95.83
2314;0.3581;0.3492;0.3411;2.49;4.75;97.51;95.25
2315;0.3581;0.3496;0.3410;2.39;4.78;97.61;95.22
2316;0.3581;0.3493;0.3412;2.46;4.71;97.54;95.29
2317;0.3581;0.3499;0.3410;2.28;4.78;97.72;95.22
2318;0.3581;0.3496;0.3410;2.39;4.78;97.61;95.22
2319;0.3581;0.3494;0.3413;2.42;4.68;97.58;95.32
2320;0.3581;0.3494;0.3413;2.42;4.68;97.58;95.32
2321;0.3581;0.3497;0.3411;2.35;4.75;97.65;95.25
2322;0.3581;0.3496;0.3410;2.39;4.78;97.61;95.22
2323;0.3581;0.3496;0.3411;2.39;4.75;97.61;95.25
2324;0.3581;0.3494;0.3410;2.42;4.78;97.58;95.22
2325;0.3581;0.3496;0.3412;2.39;4.71;97.61;95.29
2326;0.3581;0.3498;0.3413;2.31;4.68;97.69;95.32
2327;0.3581;0.3497;0.3411;2.35;4.75;97.65;95.25
2328;0.3581;0.3494;0.3412;2.42;4.71;97.58;95.29
2329;0.3581;0.3499;0.3413;2.28;4.68;97.72;95.32
2330;0.3581;0.3497;0.3412;2.35;4.71;97.65;95.29
2331;0.3581;0.3499;0.3410;2.28;4.78;97.72;95.22
2332;0.3581;0.3494;0.3412;2.42;4.71;97.58;95.29
2333;0.3581;0.3494;0.3410;2.42;4.78;97.58;95.22
2334;0.3581;0.3494;0.3410;2.42;4.78;97.58;95.22
2335;0.3581;0.3492;0.3412;2.49;4.71;97.51;95.29
2336;0.3581;0.3496;0.3412;2.39;4.71;97.61;95.29
2337;0.3581;0.3496;0.3413;2.39;4.68;97.61;95.32
2338;0.3581;0.3496;0.3412;2.39;4.71;97.61;95.29
2339;0.3581;0.3494;0.3416;2.42;4.62;97.58;95.38
2340;0.3581;0.3494;0.3415;2.42;4.65;97.58;95.35
2341;0.3581;0.3496;0.3412;2.39;4.71;97.61;95.29
2342;0.3581;0.3494;0.3415;2.42;4.65;97.58;95.35
2343;0.3581;0.3497;0.3416;2.35;4.62;97.65;95.38
2344;0.3581;0.3501;0.3416;2.24;4.62;97.76;95.38
2345;0.3581;0.3496;0.3413;2.39;4.68;97.61;95.32
2346;0.3581;0.3502;0.3417;2.21;4.58;97.79;95.42
2347;0.3581;0.3497;0.3413;2.35;4.68;97.65;95.32
2348;0.3581;0.3502;0.3413;2.21;4.68;97.79;95.32
2349;0.3581;0.3506;0.3412;2.10;4.71;97.90;95.29
2350;0.3581;0.3501;0.3418;2.24;4.55;97.76;95.45
2351;0.3581;0.3496;0.3415;2.39;4.65;97.61;95.35
2352;0.3581;0.3498;0.3417;2.31;4.58;97.69;95.42
2353;0.3581;0.3497;0.3418;2.35;4.55;97.65;95.45
2354;0.3581;0.3501;0.3418;2.24;4.55;97.76;95.45
2355;0.3581;0.3501;0.3418;2.24;4.55;97.76;95.45
2356;0.3581;0.3498;0.3415;2.31;4.65;97.69;95.35
2357;0.3581;0.3496;0.3418;2.39;4.55;97.61;95.45
2358;0.3581;0.3499;0.3423;2.28;4.42;97.72;95.58
2359;0.3581;0.3501;0.3417;2.24;4.58;97.76;95.42
2360;0.3581;0.3499;0.3419;2.28;4.52;97.72;95.48
2361;0.3581;0.3502;0.3420;2.21;4.48;97.79;95.52
2362;0.3581;0.3503;0.3418;2.17;4.55;97.83;95.45
2363;0.3581;0.3502;0.3418;2.21;4.55;97.79;95.45
2364;0.3581;0.3505;0.3420;2.13;4.48;97.87;95.52
2365;0.3581;0.3501;0.3419;2.24;4.52;97.76;95.48
2366;0.3581;0.3503;0.3419;2.17;4.52;97.83;95.48
2367;0.3581;0.3505;0.3420;2.13;4.48;97.87;95.52
2368;0.3581;0.3506;0.3419;2.10;4.52;97.90;95.48
2369;0.3581;0.3503;0.3422;2.17;4.45;97.83;95.55
2370;0.3581;0.3502;0.3422;2.21;4.45;97.79;95.55
2371;0.3581;0.3501;0.3423;2.24;4.42;97.76;95.58
2372;0.3581;0.3505;0.3422;2.13;4.45;97.87;95.55
2373;0.3581;0.3503;0.3417;2.17;4.58;97.83;95.42
2374;0.3581;0.3501;0.3424;2.24;4.39;97.76;95.61
2375;0.3581;0.3503;0.3422;2.17;4.45;97.83;95.55
2376;0.3581;0.3505;0.3424;2.13;4.39;97.87;95.61
2377;0.3581;0.3505;0.3422;2.13;4.45;97.87;95.55
2378;0.3581;0.3501;0.3424;2.24;4.39;97.76;95.61
2379;0.3581;0.3505;0.3423;2.13;4.42;97.87;95.58
2380;0.3581;0.3499;0.3422;2.28;4.45;97.72;95.55
2381;0.3581;0.3502;0.3423;2.21;4.42;97.79;95.58
2382;0.3581;0.3505;0.3419;2.13;4.52;97.87;95.48
2383;0.3581;0.3508;0.3426;2.03;4.32;97.97;95.68
2384;0.3581;0.3501;0.3425;2.24;4.35;97.76;95.65
2385;0.3581;0.3506;0.3425;2.10;4.35;97.90;95.65
2386;0.3581;0.3502;0.3425;2.21;4.35;97.79;95.65
2387;0.3581;0.3508;0.3425;2.03;4.35;97.97;95.65
2388;0.3581;0.3508;0.3422;2.03;4.45;97.97;95.55
2389;0.3581;0.3507;0.3420;2.06;4.48;97.94;95.52
2390;0.3581;0.3502;0.3427;2.21;4.29;97.79;95.71
2391;0.3581;0.3503;0.3424;2.17;4.39;97.83;95.61
2392;0.3581;0.3508;0.3419;2.03;4.52;97.97;95.48
2393;0.3581;0.3510;0.3424;1.99;4.39;98.01;95.61
2394;0.3581;0.3507;0.3426;2.06;4.32;97.94;95.68
2395;0.3581;0.3506;0.3422;2.10;4.45;97.90;95.55
2396;0.3581;0.3505;0.3427;2.13;4.29;97.87;95.71
2397;0.3581;0.3507;0.3427;2.06;4.29;97.94;95.71
2398;0.3581;0.3506;0.3425;2.10;4.35;97.90;95.65
2399;0.3581;0.3511;0.3425;1.95;4.35;98.05;95.65
2400;0.3581;0.3503;0.3427;2.17;4.29;97.83;95.71
2401;0.3581;0.3507;0.3426;2.06;4.32;97.94;95.68
2402;0.3581;0.3508;0.3430;2.03;4.22;97.97;95.78
2403;0.3581;0.3511;0.3426;1.95;4.32;98.05;95.68
2404;0.3581;0.3506;0.3425;2.10;4.35;97.90;95.65
2405;0.3581;0.3508;0.3425;2.03;4.35;97.97;95.65
2406;0.3581;0.3507;0.3429;2.06;4.25;97.94;95.75
2407;0.3581;0.3508;0.3427;2.03;4.29;97.97;95.71
2408;0.3581;0.3506;0.3425;2.10;4.35;97.90;95.65
2409;0.3581;0.3508;0.3419;2.03;4.52;97.97;95.48
2410;0.3581;0.3508;0.3425;2.03;4.35;97.97;95.65
2411;0.3581;0.3510;0.3431;1.99;4.19;98.01;95.81
2412;0.3581;0.3506;0.3426;2.10;4.32;97.90;95.68
2413;0.3581;0.3507;0.3430;2.06;4.22;97.94;95.78
2414;0.3581;0.3508;0.3431;2.03;4.19;97.97;95.81
2415;0.3581;0.3507;0.3429;2.06;4.25;97.94;95.75
2416;0.3581;0.3508;0.3426;2.03;4.32;97.97;95.68
2417;0.3581;0.3507;0.3429;2.06;4.25;97.94;95.75
2418;0.3581;0.3511;0.3425;1.95;4.35;98.05;95.65
2419;0.3581;0.3507;0.3430;2.06;4.22;97.94;95.78
2420;0.3581;0.3508;0.3429;2.03;4.25;97.97;95.75
2421;0.3581;0.3511;0.3426;1.95;4.32;98.05;95.68
2422;0.3581;0.3508;0.3427;2.03;4.29;97.97;95.71
2423;0.3581;0.3511;0.3425;1.95;4.35;98.05;95.65
2424;0.3581;0.3507;0.3430;2.06;4.22;97.94;95.78
2425;0.3581;0.3514;0.3427;1.88;4.29;98.12;95.71
2426;0.3581;0.3508;0.3432;2.03;4.16;97.97;95.84
2427;0.3581;0.3506;0.3426;2.10;4.32;97.90;95.68
2428;0.3581;0.3511;0.3426;1.95;4.32;98.05;95.68
2429;0.3581;0.3510;0.3429;1.99;4.25;98.01;95.75
2430;0.3581;0.3508;0.3425;2.03;4.35;97.97;95.65
2431;0.3581;0.3514;0.3429;1.88;4.25;98.12;95.75
2432;0.3581;0.3512;0.3426;1.92;4.32;98.08;95.68
2433;0.3581;0.3507;0.3432;2.06;4.16;97.94;95.84
2434;0.3581;0.3514;0.3429;1.88;4.25;98.12;95.75
2435;0.3581;0.3511;0.3432;1.95;4.16;98.05;95.84
2436;0.3581;0.3514;0.3433;1.88;4.12;98.12;95.88
2437;0.3588;0.3497;0.3409;2.54;5.00;97.46;95.00
2438;0.3588;0.3502;0.3417;2.40;4.77;97.60;95.23
2439;0.3588;0.3497;0.3415;2.54;4.83;97.46;95.17
2440;0.3588;0.3501;0.3416;2.43;4.80;97.57;95.20
2441;0.3588;0.3499;0.3412;2.47;4.90;97.53;95.10
2442;0.3588;0.3505;0.3420;2.33;4.67;97.67;95.33
2443;0.3588;0.3494;0.3418;2.61;4.74;97.39;95.26
2444;0.3588;0.3502;0.3423;2.40;4.61;97.60;95.39
2445;0.3588;0.3501;0.3418;2.43;4.74;97.57;95.26
2446;0.3588;0.3499;0.3420;2.47;4.67;97.53;95.33
2447;0.3588;0.3503;0.3420;2.36;4.67;97.64;95.33
2448;0.3588;0.3499;0.3419;2.47;4.70;97.53;95.30
2449;0.3588;0.3506;0.3422;2.29;4.64;97.71;95.36
2450;0.3588;0.3502;0.3418;2.40;4.74;97.60;95.26
2451;0.3588;0.3502;0.3418;2.40;4.74;97.60;95.26
2452;0.3588;0.3502;0.3418;2.40;4.74;97.60;95.26
2453;0.3588;0.3502;0.3419;2.40;4.70;97.60;95.30
2454;0.3588;0.3502;0.3417;2.40;4.77;97.60;95.23
2455;0.3588;0.3502;0.3417;2.40;4.77;97.60;95.23
2456;0.3588;0.3505;0.3416;2.33;4.80;97.67;95.20
2457;0.3588;0.3502;0.3422;2.40;4.64;97.60;95.36
2458;0.3588;0.3502;0.3420;2.40;4.67;97.60;95.33
2459;0.3588;0.3503;0.3429;2.36;4.44;97.64;95.56
2460;0.3588;0.3499;0.3425;2.47;4.54;97.53;95.46
2461;0.3588;0.3502;0.3429;2.40;4.44;97.60;95.56
2462;0.3588;0.3499;0.3427;2.47;4.47;97.53;95.53
2463;0.3588;0.3502;0.3420;2.40;4.67;97.60;95.33
2464;0.3588;0.3506;0.3422;2.29;4.64;97.71;95.36
2465;0.3588;0.3505;0.3419;2.33;4.70;97.67;95.30
2466;0.3588;0.3506;0.3419;2.29;4.70;97.71;95.30
2467;0.3588;0.3503;0.3420;2.36;4.67;97.64;95.33
2468;0.3588;0.3503;0.3425;2.36;4.54;97.64;95.46
2469;0.3588;0.3507;0.3422;2.25;4.64;97.75;95.36
2470;0.3588;0.3506;0.3425;2.29;4.54;97.71;95.46
2471;0.3588;0.3505;0.3423;2.33;4.61;97.67;95.39
2472;0.3588;0.3506;0.3426;2.29;4.51;97.71;95.49
2473;0.3588;0.3503;0.3427;2.36;4.47;97.64;95.53
2474;0.3588;0.3502;0.3426;2.40;4.51;97.60;95.49
2475;0.3588;0.3502;0.3425;2.40;4.54;97.60;95.46
2476;0.3588;0.3505;0.3423;2.33;4.61;97.67;95.39
2477;0.3588;0.3508;0.3423;2.22;4.61;97.78;95.39
2478;0.3588;0.3511;0.3422;2.15;4.64;97.85;95.36
2479;0.3588;0.3505;0.3425;2.33;4.54;97.67;95.46
2480;0.3588;0.3510;0.3424;2.18;4.57;97.82;95.43
2481;0.3588;0.3503;0.3423;2.36;4.61;97.64;95.39
2482;0.3588;0.3506;0.3423;2.29;4.61;97.71;95.39
2483;0.3588;0.3507;0.3426;2.25;4.51;97.75;95.49
2484;0.3588;0.3507;0.3424;2.25;4.57;97.75;95.43
2485;0.3588;0.3505;0.3430;2.33;4.41;97.67;95.59
2486;0.3588;0.3505;0.3425;2.33;4.54;97.67;95.46
2487;0.3588;0.3505;0.3422;2.33;4.64;97.67;95.36
2488;0.3588;0.3503;0.3424;2.36;4.57;97.64;95.43
2489;0.3588;0.3510;0.3426;2.18;4.51;97.82;95.49
2490;0.3588;0.3511;0.3426;2.15;4.51;97.85;95.49
2491;0.3588;0.3506;0.3432;2.29;4.34;97.71;95.66
2492;0.3588;0.3508;0.3430;2.22;4.41;97.78;95.59
2493;0.3588;0.3507;0.3429;2.25;4.44;97.75;95.56
2494;0.3588;0.3507;0.3427;2.25;4.47;97.75;95.53
2495;0.3588;0.3508;0.3424;2.22;4.57;97.78;95.43
2496;0.3588;0.3506;0.3426;2.29;4.51;97.71;95.49
2497;0.3588;0.3507;0.3429;2.25;4.44;97.75;95.56
2498;0.3588;0.3508;0.3429;2.22;4.44;97.78;95.56
2499;0.3588;0.3508;0.3425;2.22;4.54;97.78;95.46
2500;0.3588;0.3507;0.3433;2.25;4.31;97.75;95.69
2501;0.3588;0.3507;0.3430;2.25;4.41;97.75;95.59
2502;0.3588;0.3508;0.3430;2.22;4.41;97.78;95.59
2503;0.3588;0.3512;0.3426;2.11;4.51;97.89;95.49
2504;0.3588;0.3510;0.3430;2.18;4.41;97.82;95.59
2505;0.3588;0.3508;0.3427;2.22;4.47;97.78;95.53
2506;0.3588;0.3508;0.3426;2.22;4.51;97.78;95.49
2507;0.3588;0.3510;0.3430;2.18;4.41;97.82;95.59
2508;0.3588;0.3512;0.3427;2.11;4.47;97.89;95.53
2509;0.3588;0.3510;0.3424;2.18;4.57;97.82;95.43
2510;0.3588;0.3511;0.3427;2.15;4.47;97.85;95.53
2511;0.3588;0.3510;0.3429;2.18;4.44;97.82;95.56
2512;0.3588;0.3510;0.3430;2.18;4.41;97.82;95.59
2513;0.3588;0.3508;0.3427;2.22;4.47;97.78;95.53
2514;0.3588;0.3508;0.3425;2.22;4.54;97.78;95.46
2515;0.3588;0.3510;0.3429;2.18;4.44;97.82;95.56
2516;0.3588;0.3511;0.3430;2.15;4.41;97.85;95.59
2517;0.3588;0.3511;0.3427;2.15;4.47;97.85;95.53
2518;0.3588;0.3512;0.3427;2.11;4.47;97.89;95.53
2519;0.3588;0.3514;0.3429;2.07;4.44;97.93;95.56
2520;0.3588;0.3515;0.3429;2.04;4.44;97.96;95.56
2521;0.3588;0.3511;0.3432;2.15;4.34;97.85;95.66
2522;0.3588;0.3510;0.3424;2.18;4.57;97.82;95.43
2523;0.3588;0.3512;0.3430;2.11;4.41;97.89;95.59
2524;0.3588;0.3511;0.3429;2.15;4.44;97.85;95.56
2525;0.3588;0.3510;0.3429;2.18;4.44;97.82;95.56
2526;0.3588;0.3508;0.3425;2.22;4.54;97.78;95.46
2527;0.3588;0.3511;0.3430;2.15;4.41;97.85;95.59
2528;0.3588;0.3508;0.3431;2.22;4.38;97.78;95.62
2529;0.3588;0.3503;0.3429;2.36;4.44;97.64;95.56
2530;0.3588;0.3511;0.3431;2.15;4.38;97.85;95.62
2531;0.3588;0.3510;0.3427;2.18;4.47;97.82;95.53
2532;0.3588;0.3511;0.3429;2.15;4.44;97.85;95.56
2533;0.3588;0.3512;0.3430;2.11;4.41;97.89;95.59
2534;0.3588;0.3512;0.3426;2.11;4.51;97.89;95.49
2535;0.3588;0.3514;0.3427;2.07;4.47;97.93;95.53
2536;0.3588;0.3512;0.3430;2.11;4.41;97.89;95.59
2537;0.3588;0.3512;0.3427;2.11;4.47;97.89;95.53
2538;0.3588;0.3511;0.3427;2.15;4.47;97.85;95.53
2539;0.3588;0.3511;0.3427;2.15;4.47;97.85;95.53
2540;0.3588;0.3510;0.3426;2.18;4.51;97.82;95.49
2541;0.3588;0.3512;0.3431;2.11;4.38;97.89;95.62
2542;0.3588;0.3512;0.3429;2.11;4.44;97.89;95.56
2543;0.3588;0.3511;0.3429;2.15;4.44;97.85;95.56
2544;0.3588;0.3511;0.3430;2.15;4.41;97.85;95.59
2545;0.3588;0.3510;0.3425;2.18;4.54;97.82;95.46
2546;0.3588;0.3514;0.3431;2.07;4.38;97.93;95.62
2547;0.3588;0.3512;0.3432;2.11;4.34;97.89;95.66
2548;0.3588;0.3511;0.3431;2.15;4.38;97.85;95.62
2549;0.3588;0.3511;0.3429;2.15;4.44;97.85;95.56
2550;0.3588;0.3512;0.3427;2.11;4.47;97.89;95.53
2551;0.3588;0.3512;0.3431;2.11;4.38;97.89;95.62
2552;0.3588;0.3515;0.3429;2.04;4.44;97.96;95.56
2553;0.3588;0.3511;0.3429;2.15;4.44;97.85;95.56
2554;0.3588;0.3510;0.3430;2.18;4.41;97.82;95.59
2555;0.3588;0.3512;0.3432;2.11;4.34;97.89;95.66
2556;0.3588;0.3512;0.3430;2.11;4.41;97.89;95.59
2557;0.3588;0.3514;0.3431;2.07;4.38;97.93;95.62
2558;0.3588;0.3515;0.3430;2.04;4.41;97.96;95.59
2559;0.3588;0.3511;0.3431;2.15;4.38;97.85;95.62
2560;0.3588;0.3507;0.3431;2.25;4.38;97.75;95.62
2561;0.3588;0.3510;0.3432;2.18;4.34;97.82;95.66
2562;0.3588;0.3511;0.3433;2.15;4.31;97.85;95.69
2563;0.3588;0.3514;0.3435;2.07;4.28;97.93;95.72
2564;0.3588;0.3511;0.3429;2.15;4.44;97.85;95.56
2565;0.3588;0.3510;0.3431;2.18;4.38;97.82;95.62
2566;0.3588;0.3511;0.3431;2.15;4.38;97.85;95.62
2567;0.3588;0.3512;0.3430;2.11;4.41;97.89;95.59
2568;0.3588;0.3512;0.3426;2.11;4.51;97.89;95.49
2569;0.3595;0.3502;0.3423;2.59;4.79;97.41;95.21
2570;0.3595;0.3503;0.3420;2.55;4.86;97.45;95.14
2571;0.3595;0.3502;0.3419;2.59;4.89;97.41;95.11
2572;0.3595;0.3503;0.3420;2.55;4.86;97.45;95.14
2573;0.3595;0.3507;0.3420;2.44;4.86;97.56;95.14
2574;0.3595;0.3505;0.3422;2.52;4.82;97.48;95.18
2575;0.3595;0.3502;0.3422;2.59;4.82;97.41;95.18
2576;0.3595;0.3497;0.3425;2.73;4.73;97.27;95.27
2577;0.3595;0.3506;0.3424;2.48;4.76;97.52;95.24
2578;0.3595;0.3501;0.3427;2.62;4.66;97.38;95.34
2579;0.3595;0.3508;0.3426;2.41;4.69;97.59;95.31
2580;0.3595;0.3507;0.3423;2.44;4.79;97.56;95.21
2581;0.3595;0.3506;0.3423;2.48;4.79;97.52;95.21
2582;0.3595;0.3505;0.3423;2.52;4.79;97.48;95.21
2583;0.3595;0.3505;0.3424;2.52;4.76;97.48;95.24
2584;0.3595;0.3508;0.3427;2.41;4.66;97.59;95.34
2585;0.3595;0.3510;0.3425;2.37;4.73;97.63;95.27
2586;0.3595;0.3510;0.3426;2.37;4.69;97.63;95.31
2587;0.3595;0.3505;0.3426;2.52;4.69;97.48;95.31
2588;0.3595;0.3507;0.3420;2.44;4.86;97.56;95.14
2589;0.3595;0.3507;0.3427;2.44;4.66;97.56;95.34
2590;0.3595;0.3506;0.3427;2.48;4.66;97.52;95.34
2591;0.3595;0.3510;0.3426;2.37;4.69;97.63;95.31
2592;0.3595;0.3510;0.3426;2.37;4.69;97.63;95.31
2593;0.3595;0.3508;0.3432;2.41;4.53;97.59;95.47
2594;0.3595;0.3511;0.3423;2.34;4.79;97.66;95.21
2595;0.3595;0.3512;0.3426;2.30;4.69;97.70;95.31
2596;0.3595;0.3514;0.3427;2.26;4.66;97.74;95.34
2597;0.3595;0.3508;0.3425;2.41;4.73;97.59;95.27
2598;0.3595;0.3512;0.3426;2.30;4.69;97.70;95.31
2599;0.3595;0.3511;0.3429;2.34;4.63;97.66;95.37
2600;0.3595;0.3511;0.3427;2.34;4.66;97.66;95.34
2601;0.3595;0.3511;0.3427;2.34;4.66;97.66;95.34
2602;0.3595;0.3506;0.3430;2.48;4.59;97.52;95.41
2603;0.3595;0.3510;0.3429;2.37;4.63;97.63;95.37
2604;0.3595;0.3508;0.3427;2.41;4.66;97.59;95.34
2605;0.3595;0.3508;0.3426;2.41;4.69;97.59;95.31
2606;0.3595;0.3511;0.3433;2.34;4.50;97.66;95.50
2607;0.3595;0.3508;0.3431;2.41;4.56;97.59;95.44
2608;0.3595;0.3511;0.3429;2.34;4.63;97.66;95.37
2609;0.3595;0.3510;0.3427;2.37;4.66;97.63;95.34
2610;0.3595;0.3512;0.3430;2.30;4.59;97.70;95.41
2611;0.3595;0.3510;0.3426;2.37;4.69;97.63;95.31
2612;0.3595;0.3511;0.3429;2.34;4.63;97.66;95.37
2613;0.3595;0.3510;0.3430;2.37;4.59;97.63;95.41
2614;0.3595;0.3510;0.3427;2.37;4.66;97.63;95.34
2615;0.3595;0.3514;0.3432;2.26;4.53;97.74;95.47
2616;0.3595;0.3511;0.3429;2.34;4.63;97.66;95.37
2617;0.3595;0.3511;0.3430;2.34;4.59;97.66;95.41
2618;0.3595;0.3510;0.3430;2.37;4.59;97.63;95.41
2619;0.3595;0.3510;0.3429;2.37;4.63;97.63;95.37
2620;0.3595;0.3514;0.3426;2.26;4.69;97.74;95.31
2621;0.3595;0.3503;0.3431;2.55;4.56;97.45;95.44
2622;0.3595;0.3512;0.3427;2.30;4.66;97.70;95.34
2623;0.3595;0.3510;0.3425;2.37;4.73;97.63;95.27
2624;0.3595;0.3511;0.3430;2.34;4.59;97.66;95.41
2625;0.3595;0.3508;0.3432;2.41;4.53;97.59;95.47
2626;0.3595;0.3510;0.3426;2.37;4.69;97.63;95.31
2627;0.3595;0.3508;0.3431;2.41;4.56;97.59;95.44
2628;0.3595;0.3507;0.3430;2.44;4.59;97.56;95.41
2629;0.3595;0.3511;0.3432;2.34;4.53;97.66;95.47
2630;0.3595;0.3508;0.3425;2.41;4.73;97.59;95.27
2631;0.3595;0.3512;0.3431;2.30;4.56;97.70;95.44
2632;0.3595;0.3512;0.3426;2.30;4.69;97.70;95.31
2633;0.3595;0.3514;0.3429;2.26;4.63;97.74;95.37
2634;0.3595;0.3512;0.3430;2.30;4.59;97.70;95.41
2635;0.3595;0.3510;0.3429;2.37;4.63;97.63;95.37
2636;0.3595;0.3507;0.3430;2.44;4.59;97.56;95.41
2637;0.3595;0.3512;0.3430;2.30;4.59;97.70;95.41
2638;0.3595;0.3510;0.3429;2.37;4.63;97.63;95.37
2639;0.3595;0.3510;0.3431;2.37;4.56;97.63;95.44
2640;0.3595;0.3508;0.3430;2.41;4.59;97.59;95.41
2641;0.3595;0.3507;0.3431;2.44;4.56;97.56;95.44
2642;0.3595;0.3510;0.3425;2.37;4.73;97.63;95.27
2643;0.3595;0.3516;0.3430;2.19;4.59;97.81;95.41
2644;0.3595;0.3510;0.3426;2.37;4.69;97.63;95.31
2645;0.3595;0.3511;0.3429;2.34;4.63;97.66;95.37
2646;0.3595;0.3511;0.3429;2.34;4.63;97.66;95.37
2647;0.3595;0.3512;0.3431;2.30;4.56;97.70;95.44
2648;0.3595;0.3516;0.3427;2.19;4.66;97.81;95.34
2649;0.3595;0.3514;0.3430;2.26;4.59;97.74;95.41
2650;0.3595;0.3517;0.3433;2.16;4.50;97.84;95.50
2651;0.3595;0.3512;0.3433;2.30;4.50;97.70;95.50
2652;0.3595;0.3512;0.3429;2.30;4.63;97.70;95.37
2653;0.3595;0.3510;0.3430;2.37;4.59;97.63;95.41
2654;0.3595;0.3511;0.3425;2.34;4.73;97.66;95.27
2655;0.3595;0.3512;0.3431;2.30;4.56;97.70;95.44
2656;0.3595;0.3512;0.3431;2.30;4.56;97.70;95.44
2657;0.3595;0.3512;0.3429;2.30;4.63;97.70;95.37
2658;0.3595;0.3510;0.3430;2.37;4.59;97.63;95.41
2659;0.3595;0.3508;0.3427;2.41;4.66;97.59;95.34
2660;0.3595;0.3511;0.3431;2.34;4.56;97.66;95.44
2661;0.3595;0.3510;0.3430;2.37;4.59;97.63;95.41
2662;0.3595;0.3515;0.3430;2.23;4.59;97.77;95.41
2663;0.3603;0.3511;0.3431;2.55;4.77;97.45;95.23
2664;0.3603;0.3510;0.3426;2.59;4.90;97.41;95.10
2665;0.3603;0.3511;0.3425;2.55;4.94;97.45;95.06
2666;0.3610;0.3510;0.3427;2.78;5.06;97.22;94.94
2667;0.3610;0.3515;0.3427;2.63;5.06;97.37;94.94
2668;0.3610;0.3515;0.3431;2.63;4.96;97.37;95.04
2669;0.3610;0.3512;0.3432;2.71;4.93;97.29;95.07
2670;0.3610;0.3499;0.3334;3.06;7.66;96.94;92.34
2671;0.3639;0.3720;0.3640;2.23;0.03;97.77;99.97
2672;0.3639;0.3723;0.3635;2.30;0.10;97.70;99.90
2673;0.3639;0.3716;0.3638;2.12;0.04;97.88;99.96
2674;0.3646;0.3716;0.3639;1.92;0.20;98.08;99.80
2675;0.3646;0.3720;0.3639;2.03;0.20;97.97;99.80
2676;0.3646;0.3724;0.3634;2.14;0.33;97.86;99.67
2677;0.3646;0.3720;0.3639;2.03;0.20;97.97;99.80
2678;0.3646;0.3720;0.3638;2.03;0.23;97.97;99.77
2679;0.3646;0.3716;0.3638;1.92;0.23;98.08;99.77
2680;0.3646;0.3720;0.3635;2.03;0.29;97.97;99.71
2681;0.3646;0.3716;0.3640;1.92;0.17;98.08;99.83
2682;0.3646;0.3720;0.3640;2.03;0.17;97.97;99.83
2683;0.3646;0.3719;0.3638;2.00;0.23;98.00;99.77
2684;0.3646;0.3716;0.3636;1.92;0.26;98.08;99.74
2685;0.3646;0.3719;0.3638;2.00;0.23;98.00;99.77
2686;0.3646;0.3720;0.3639;2.03;0.20;97.97;99.80
2687;0.3646;0.3719;0.3639;2.00;0.20;98.00;99.80
2688;0.3646;0.3721;0.3638;2.07;0.23;97.93;99.77
2689;0.3646;0.3717;0.3642;1.96;0.10;98.04;99.90
2690;0.3646;0.3723;0.3638;2.10;0.23;97.90;99.77
2691;0.3646;0.3716;0.3639;1.92;0.20;98.08;99.80
2692;0.3646;0.3723;0.3641;2.10;0.13;97.90;99.87
2693;0.3646;0.3717;0.3640;1.96;0.17;98.04;99.83
2694;0.3646;0.3717;0.3641;1.96;0.13;98.04;99.87
2695;0.3646;0.3719;0.3645;2.00;0.04;98.00;99.96
2696;0.3646;0.3721;0.3638;2.07;0.23;97.93;99.77
2697;0.3646;0.3724;0.3640;2.14;0.17;97.86;99.83
2698;0.3646;0.3721;0.3639;2.07;0.20;97.93;99.80
2699;0.3646;0.3720;0.3640;2.03;0.17;97.97;99.83
2700;0.3646;0.3719;0.3638;2.00;0.23;98.00;99.77
2701;0.3646;0.3721;0.3640;2.07;0.17;97.93;99.83
2702;0.3646;0.3725;0.3639;2.17;0.20;97.83;99.80
2703;0.3646;0.3724;0.3640;2.14;0.17;97.86;99.83
2704;0.3646;0.3720;0.3641;2.03;0.13;97.97;99.87
2705;0.3646;0.3724;0.3645;2.14;0.04;97.86;99.96
2706;0.3654;0.3720;0.3632;1.81;0.61;98.19;99.39
2707;0.3654;0.3721;0.3635;1.84;0.51;98.16;99.49
2708;0.3654;0.3721;0.3633;1.84;0.58;98.16;99.42
2709;0.3654;0.3721;0.3642;1.84;0.32;98.16;99.68
2710;0.3654;0.3721;0.3634;1.84;0.54;98.16;99.46
2711;0.3654;0.3720;0.3635;1.81;0.51;98.19;99.49
2712;0.3654;0.3719;0.3638;1.77;0.45;98.23;99.55
2713;0.3654;0.3719;0.3638;1.77;0.45;98.23;99.55
2714;0.3654;0.3716;0.3641;1.70;0.35;98.30;99.65
2715;0.3654;0.3720;0.3640;1.81;0.38;98.19;99.62
2716;0.3654;0.3717;0.3642;1.74;0.32;98.26;99.68
2717;0.3654;0.3719;0.3642;1.77;0.32;98.23;99.68
2718;0.3654;0.3723;0.3639;1.88;0.42;98.12;99.58
2719;0.3654;0.3723;0.3636;1.88;0.48;98.12;99.52
2720;0.3654;0.3721;0.3641;1.84;0.35;98.16;99.65
2721;0.3654;0.3723;0.3632;1.88;0.61;98.12;99.39
2722;0.3654;0.3720;0.3641;1.81;0.35;98.19;99.65
2723;0.3654;0.3723;0.3641;1.88;0.35;98.12;99.65
2724;0.3654;0.3720;0.3645;1.81;0.26;98.19;99.74
2725;0.3654;0.3721;0.3639;1.84;0.42;98.16;99.58
2726;0.3654;0.3719;0.3643;1.77;0.29;98.23;99.71
2727;0.3654;0.3720;0.3640;1.81;0.38;98.19;99.62
2728;0.3654;0.3724;0.3643;1.91;0.29;98.09;99.71
2729;0.3654;0.3721;0.3639;1.84;0.42;98.16;99.58
2730;0.3654;0.3723;0.3639;1.88;0.42;98.12;99.58
2731;0.3654;0.3719;0.3643;1.77;0.29;98.23;99.71
2732;0.3654;0.3723;0.3645;1.88;0.26;98.12;99.74
2733;0.3654;0.3725;0.3642;1.95;0.32;98.05;99.68
2734;0.3654;0.3724;0.3645;1.91;0.26;98.09;99.74
2735;0.3654;0.3721;0.3640;1.84;0.38;98.16;99.62
2736;0.3654;0.3727;0.3642;1.98;0.32;98.02;99.68
2737;0.3654;0.3725;0.3643;1.95;0.29;98.05;99.71
2738;0.3654;0.3724;0.3639;1.91;0.42;98.09;99.58
2739;0.3654;0.3725;0.3641;1.95;0.35;98.05;99.65
2740;0.3654;0.3724;0.3645;1.91;0.26;98.09;99.74
2741;0.3654;0.3724;0.3643;1.91;0.29;98.09;99.71
2742;0.3654;0.3724;0.3641;1.91;0.35;98.09;99.65
2743;0.3654;0.3727;0.3641;1.98;0.35;98.02;99.65
2744;0.3654;0.3724;0.3641;1.91;0.35;98.09;99.65
2745;0.3654;0.3721;0.3643;1.84;0.29;98.16;99.71
2746;0.3654;0.3723;0.3642;1.88;0.32;98.12;99.68
2747;0.3654;0.3724;0.3643;1.91;0.29;98.09;99.71
2748;0.3654;0.3725;0.3643;1.95;0.29;98.05;99.71
2749;0.3654;0.3725;0.3645;1.95;0.26;98.05;99.74
2750;0.3654;0.3723;0.3642;1.88;0.32;98.12;99.68
2751;0.3654;0.3724;0.3642;1.91;0.32;98.09;99.68
2752;0.3654;0.3724;0.3647;1.91;0.19;98.09;99.81
2753;0.3654;0.3727;0.3645;1.98;0.26;98.02;99.74
2754;0.3661;0.3720;0.3642;1.61;0.51;98.39;99.49
2755;0.3661;0.3723;0.3638;1.68;0.64;98.32;99.36
2756;0.3661;0.3721;0.3641;1.65;0.54;98.35;99.46
2757;0.3661;0.3720;0.3645;1.61;0.45;98.39;99.55
2758;0.3661;0.3723;0.3640;1.68;0.57;98.32;99.43
2759;0.3661;0.3721;0.3642;1.65;0.51;98.35;99.49
2760;0.3661;0.3721;0.3643;1.65;0.48;98.35;99.52
2761;0.3661;0.3716;0.3639;1.51;0.61;98.49;99.39
2762;0.3661;0.3719;0.3639;1.58;0.61;98.42;99.39
2763;0.3661;0.3727;0.3645;1.79;0.45;98.21;99.55
2764;0.3661;0.3720;0.3643;1.61;0.48;98.39;99.52
2765;0.3661;0.3720;0.3642;1.61;0.51;98.39;99.49
2766;0.3661;0.3721;0.3642;1.65;0.51;98.35;99.49
2767;0.3661;0.3724;0.3640;1.72;0.57;98.28;99.43
2768;0.3661;0.3725;0.3643;1.75;0.48;98.25;99.52
2769;0.3661;0.3721;0.3641;1.65;0.54;98.35;99.46
2770;0.3661;0.3723;0.3642;1.68;0.51;98.32;99.49
2771;0.3661;0.3723;0.3643;1.68;0.48;98.32;99.52
2772;0.3661;0.3727;0.3643;1.79;0.48;98.21;99.52
2773;0.3661;0.3720;0.3642;1.61;0.51;98.39;99.49
2774;0.3661;0.3724;0.3642;1.72;0.51;98.28;99.49
2775;0.3661;0.3728;0.3640;1.82;0.57;98.18;99.43
2776;0.3661;0.3724;0.3641;1.72;0.54;98.28;99.46
2777;0.3661;0.3725;0.3641;1.75;0.54;98.25;99.46
2778;0.3661;0.3727;0.3641;1.79;0.54;98.21;99.46
2779;0.3661;0.3725;0.3642;1.75;0.51;98.25;99.49
2780;0.3661;0.3723;0.3645;1.68;0.45;98.32;99.55
2781;0.3661;0.3715;0.3643;1.47;0.48;98.53;99.52
2782;0.3661;0.3723;0.3642;1.68;0.51;98.32;99.49
2783;0.3661;0.3724;0.3641;1.72;0.54;98.28;99.46
2784;0.3661;0.3723;0.3645;1.68;0.45;98.32;99.55
2785;0.3661;0.3721;0.3641;1.65;0.54;98.35;99.46
2786;0.3661;0.3721;0.3643;1.65;0.48;98.35;99.52
2787;0.3661;0.3728;0.3639;1.82;0.61;98.18;99.39
2788;0.3661;0.3724;0.3639;1.72;0.61;98.28;99.39
2789;0.3661;0.3723;0.3641;1.68;0.54;98.32;99.46
2790;0.3661;0.3727;0.3641;1.79;0.54;98.21;99.46
2791;0.3661;0.3720;0.3645;1.61;0.45;98.39;99.55
2792;0.3661;0.3724;0.3643;1.72;0.48;98.28;99.52
2793;0.3661;0.3723;0.3645;1.68;0.45;98.32;99.55
2794;0.3661;0.3727;0.3646;1.79;0.41;98.21;99.59
2795;0.3661;0.3725;0.3646;1.75;0.41;98.25;99.59
2796;0.3661;0.3724;0.3647;1.72;0.38;98.28;99.62
2797;0.3661;0.3728;0.3645;1.82;0.45;98.18;99.55
2798;0.3661;0.3727;0.3645;1.79;0.45;98.21;99.55
2799;0.3661;0.3728;0.3643;1.82;0.48;98.18;99.52
2800;0.3661;0.3725;0.3643;1.75;0.48;98.25;99.52
2801;0.3661;0.3725;0.3645;1.75;0.45;98.25;99.55
2802;0.3661;0.3728;0.3647;1.82;0.38;98.18;99.62
2803;0.3661;0.3725;0.3643;1.75;0.48;98.25;99.52
2804;0.3661;0.3727;0.3643;1.79;0.48;98.21;99.52
2805;0.3661;0.3729;0.3647;1.86;0.38;98.14;99.62
2806;0.3661;0.3727;0.3642;1.79;0.51;98.21;99.49
2807;0.3661;0.3727;0.3647;1.79;0.38;98.21;99.62
2808;0.3661;0.3727;0.3648;1.79;0.35;98.21;99.65
2809;0.3661;0.3724;0.3643;1.72;0.48;98.28;99.52
2810;0.3661;0.3728;0.3645;1.82;0.45;98.18;99.55
2811;0.3661;0.3725;0.3643;1.75;0.48;98.25;99.52
2812;0.3661;0.3729;0.3642;1.86;0.51;98.14;99.49
2813;0.3661;0.3725;0.3646;1.75;0.41;98.25;99.59
2814;0.3661;0.3725;0.3643;1.75;0.48;98.25;99.52
2815;0.3661;0.3724;0.3642;1.72;0.51;98.28;99.49
2816;0.3661;0.3728;0.3647;1.82;0.38;98.18;99.62
2817;0.3661;0.3728;0.3648;1.82;0.35;98.18;99.65
2818;0.3661;0.3727;0.3645;1.79;0.45;98.21;99.55
2819;0.3661;0.3724;0.3647;1.72;0.38;98.28;99.62
2820;0.3661;0.3729;0.3646;1.86;0.41;98.14;99.59
2821;0.3661;0.3730;0.3646;1.89;0.41;98.11;99.59
2822;0.3661;0.3727;0.3647;1.79;0.38;98.21;99.62
2823;0.3661;0.3728;0.3648;1.82;0.35;98.18;99.65
2824;0.3668;0.3724;0.3642;1.52;0.70;98.48;99.30
2825;0.3668;0.3717;0.3640;1.35;0.76;98.65;99.24
2826;0.3668;0.3724;0.3640;1.52;0.76;98.48;99.24
2827;0.3668;0.3727;0.3642;1.59;0.70;98.41;99.30
2828;0.3668;0.3724;0.3646;1.52;0.60;98.48;99.40
2829;0.3668;0.3724;0.3646;1.52;0.60;98.48;99.40
2830;0.3668;0.3723;0.3641;1.49;0.73;98.51;99.27
2831;0.3668;0.3725;0.3643;1.56;0.67;98.44;99.33
2832;0.3668;0.3724;0.3647;1.52;0.57;98.48;99.43
2833;0.3668;0.3723;0.3642;1.49;0.70;98.51;99.30
2834;0.3668;0.3724;0.3648;1.52;0.54;98.48;99.46
2835;0.3668;0.3727;0.3646;1.59;0.60;98.41;99.40
2836;0.3668;0.3725;0.3643;1.56;0.67;98.44;99.33
2837;0.3668;0.3723;0.3646;1.49;0.60;98.51;99.40
2838;0.3668;0.3727;0.3648;1.59;0.54;98.41;99.46
2839;0.3668;0.3729;0.3642;1.67;0.70;98.33;99.30
2840;0.3668;0.3725;0.3641;1.56;0.73;98.44;99.27
2841;0.3668;0.3725;0.3641;1.56;0.73;98.44;99.27
2842;0.3668;0.3724;0.3646;1.52;0.60;98.48;99.40
2843;0.3668;0.3719;0.3647;1.38;0.57;98.62;99.43
2844;0.3668;0.3725;0.3645;1.56;0.64;98.44;99.36
2845;0.3668;0.3724;0.3643;1.52;0.67;98.48;99.33
2846;0.3668;0.3724;0.3646;1.52;0.60;98.48;99.40
2847;0.3668;0.3721;0.3645;1.45;0.64;98.55;99.36
2848;0.3668;0.3728;0.3646;1.63;0.60;98.37;99.40
2849;0.3668;0.3725;0.3646;1.56;0.60;98.44;99.40
2850;0.3668;0.3721;0.3643;1.45;0.67;98.55;99.33
2851;0.3668;0.3727;0.3643;1.59;0.67;98.41;99.33
2852;0.3668;0.3724;0.3640;1.52;0.76;98.48;99.24
2853;0.3668;0.3725;0.3643;1.56;0.67;98.44;99.33
2854;0.3668;0.3727;0.3645;1.59;0.64;98.41;99.36
2855;0.3668;0.3728;0.3643;1.63;0.67;98.37;99.33
2856;0.3668;0.3727;0.3646;1.59;0.60;98.41;99.40
2857;0.3668;0.3724;0.3642;1.52;0.70;98.48;99.30
2858;0.3668;0.3725;0.3643;1.56;0.67;98.44;99.33
2859;0.3668;0.3727;0.3642;1.59;0.70;98.41;99.30
2860;0.3668;0.3728;0.3643;1.63;0.67;98.37;99.33
2861;0.3668;0.3724;0.3640;1.52;0.76;98.48;99.24
2862;0.3668;0.3725;0.3646;1.56;0.60;98.44;99.40
2863;0.3668;0.3725;0.3646;1.56;0.60;98.44;99.40
2864;0.3668;0.3725;0.3646;1.56;0.60;98.44;99.40
2865;0.3668;0.3728;0.3647;1.63;0.57;98.37;99.43
2866;0.3668;0.3719;0.3646;1.38;0.60;98.62;99.40
2867;0.3668;0.3729;0.3646;1.67;0.60;98.33;99.40
2868;0.3668;0.3727;0.3643;1.59;0.67;98.41;99.33
2869;0.3668;0.3730;0.3645;1.70;0.64;98.30;99.36
2870;0.3668;0.3725;0.3645;1.56;0.64;98.44;99.36
2871;0.3668;0.3730;0.3645;1.70;0.64;98.30;99.36
2872;0.3668;0.3728;0.3647;1.63;0.57;98.37;99.43
2873;0.3668;0.3728;0.3645;1.63;0.64;98.37;99.36
2874;0.3668;0.3725;0.3645;1.56;0.64;98.44;99.36
2875;0.3668;0.3724;0.3648;1.52;0.54;98.48;99.46
2876;0.3668;0.3725;0.3643;1.56;0.67;98.44;99.33
2877;0.3668;0.3728;0.3643;1.63;0.67;98.37;99.33
2878;0.3668;0.3723;0.3648;1.49;0.54;98.51;99.46
2879;0.3668;0.3728;0.3648;1.63;0.54;98.37;99.46
2880;0.3668;0.3727;0.3643;1.59;0.67;98.41;99.33
2881;0.3668;0.3725;0.3645;1.56;0.64;98.44;99.36
2882;0.3668;0.3725;0.3645;1.56;0.64;98.44;99.36
2883;0.3668;0.3729;0.3646;1.67;0.60;98.33;99.40
2884;0.3668;0.3727;0.3648;1.59;0.54;98.41;99.46
2885;0.3668;0.3728;0.3646;1.63;0.60;98.37;99.40
2886;0.3668;0.3725;0.3645;1.56;0.64;98.44;99.36
2887;0.3668;0.3729;0.3646;1.67;0.60;98.33;99.40
2888;0.3668;0.3727;0.3645;1.59;0.64;98.41;99.36
2889;0.3668;0.3728;0.3648;1.63;0.54;98.37;99.46
2890;0.3668;0.3732;0.3640;1.74;0.76;98.26;99.24
2891;0.3668;0.3728;0.3643;1.63;0.67;98.37;99.33
2892;0.3668;0.3728;0.3646;1.63;0.60;98.37;99.40
2893;0.3668;0.3728;0.3647;1.63;0.57;98.37;99.43
2894;0.3668;0.3725;0.3642;1.56;0.70;98.44;99.30
2895;0.3668;0.3727;0.3647;1.59;0.57;98.41;99.43
2896;0.3668;0.3728;0.3648;1.63;0.54;98.37;99.46
2897;0.3668;0.3728;0.3645;1.63;0.64;98.37;99.36
2898;0.3668;0.3729;0.3646;1.67;0.60;98.33;99.40
2899;0.3668;0.3723;0.3647;1.49;0.57;98.51;99.43
2900;0.3668;0.3728;0.3643;1.63;0.67;98.37;99.33
2901;0.3668;0.3727;0.3645;1.59;0.64;98.41;99.36
2902;0.3668;0.3733;0.3647;1.77;0.57;98.23;99.43
2903;0.3668;0.3730;0.3646;1.70;0.60;98.30;99.40
2904;0.3675;0.3727;0.3641;1.40;0.92;98.60;99.08
2905;0.3675;0.3727;0.3647;1.40;0.76;98.60;99.24
2906;0.3675;0.3725;0.3642;1.37;0.89;98.63;99.11
2907;0.3675;0.3727;0.3646;1.40;0.79;98.60;99.21
2908;0.3675;0.3729;0.3646;1.47;0.79;98.53;99.21
2909;0.3675;0.3725;0.3642;1.37;0.89;98.63;99.11
2910;0.3675;0.3721;0.3647;1.26;0.76;98.74;99.24
2911;0.3675;0.3723;0.3640;1.30;0.95;98.70;99.05
2912;0.3675;0.3724;0.3645;1.33;0.83;98.67;99.17
2913;0.3675;0.3725;0.3639;1.37;0.99;98.63;99.01
2914;0.3675;0.3725;0.3645;1.37;0.83;98.63;99.17
2915;0.3675;0.3727;0.3646;1.40;0.79;98.60;99.21
2916;0.3675;0.3729;0.3645;1.47;0.83;98.53;99.17
2917;0.3675;0.3727;0.3646;1.40;0.79;98.60;99.21
2918;0.3675;0.3728;0.3645;1.44;0.83;98.56;99.17
2919;0.3675;0.3727;0.3645;1.40;0.83;98.60;99.17
2920;0.3675;0.3724;0.3645;1.33;0.83;98.67;99.17
2921;0.3675;0.3730;0.3645;1.51;0.83;98.49;99.17
2922;0.3675;0.3730;0.3645;1.51;0.83;98.49;99.17
2923;0.3675;0.3727;0.3645;1.40;0.83;98.60;99.17
2924;0.3675;0.3728;0.3643;1.44;0.86;98.56;99.14
2925;0.3675;0.3727;0.3643;1.40;0.86;98.60;99.14
2926;0.3675;0.3727;0.3646;1.40;0.79;98.60;99.21
2927;0.3675;0.3727;0.3646;1.40;0.79;98.60;99.21
2928;0.3675;0.3728;0.3646;1.44;0.79;98.56;99.21
2929;0.3675;0.3725;0.3643;1.37;0.86;98.63;99.14
2930;0.3675;0.3727;0.3643;1.40;0.86;98.60;99.14
2931;0.3675;0.3724;0.3647;1.33;0.76;98.67;99.24
2932;0.3675;0.3727;0.3645;1.40;0.83;98.60;99.17
2933;0.3675;0.3724;0.3646;1.33;0.79;98.67;99.21
2934;0.3675;0.3728;0.3648;1.44;0.73;98.56;99.27
2935;0.3675;0.3729;0.3646;1.47;0.79;98.53;99.21
2936;0.3675;0.3724;0.3652;1.33;0.63;98.67;99.37
2937;0.3675;0.3727;0.3643;1.40;0.86;98.60;99.14
2938;0.3675;0.3723;0.3646;1.30;0.79;98.70;99.21
2939;0.3675;0.3719;0.3643;1.19;0.86;98.81;99.14
2940;0.3675;0.3725;0.3641;1.37;0.92;98.63;99.08
2941;0.3675;0.3727;0.3649;1.40;0.70;98.60;99.30
2942;0.3675;0.3727;0.3642;1.40;0.89;98.60;99.11
2943;0.3675;0.3729;0.3646;1.47;0.79;98.53;99.21
2944;0.3675;0.3729;0.3647;1.47;0.76;98.53;99.24
2945;0.3675;0.3729;0.3646;1.47;0.79;98.53;99.21
2946;0.3675;0.3727;0.3646;1.40;0.79;98.60;99.21
2947;0.3675;0.3728;0.3648;1.44;0.73;98.56;99.27
2948;0.3675;0.3732;0.3643;1.54;0.86;98.46;99.14
2949;0.3675;0.3736;0.3645;1.65;0.83;98.35;99.17
2950;0.3675;0.3734;0.3646;1.61;0.79;98.39;99.21
2951;0.3675;0.3733;0.3645;1.58;0.83;98.42;99.17
2952;0.3675;0.3729;0.3643;1.47;0.86;98.53;99.14
2953;0.3675;0.3732;0.3646;1.54;0.79;98.46;99.21
2954;0.3683;0.3728;0.3643;1.22;1.07;98.78;98.93
2955;0.3683;0.3729;0.3649;1.25;0.91;98.75;99.09
2956;0.3683;0.3729;0.3645;1.25;1.04;98.75;98.96
2957;0.3683;0.3732;0.3651;1.32;0.88;98.68;99.12
2958;0.3683;0.3733;0.3646;1.36;1.01;98.64;98.99
2959;0.3683;0.3733;0.3646;1.36;1.01;98.64;98.99
2960;0.3683;0.3730;0.3643;1.29;1.07;98.71;98.93
2961;0.3683;0.3732;0.3645;1.32;1.04;98.68;98.96
2962;0.3683;0.3732;0.3646;1.32;1.01;98.68;98.99
2963;0.3690;0.3728;0.3647;1.02;1.16;98.98;98.84
2964;0.3690;0.3727;0.3647;0.99;1.16;99.01;98.84
2965;0.3777;0.3752;0.3656;0.65;3.19;99.35;96.81
2966;0.3784;0.3730;0.3647;1.42;3.62;98.58;96.38
2967;0.3792;0.3759;0.3667;0.88;3.30;99.12;96.70
2968;0.3813;0.3761;0.3672;1.35;3.71;98.65;96.29
2969;0.3821;0.3764;0.3692;1.49;3.39;98.51;96.61
2970;0.3821;0.3779;0.3709;1.09;2.92;98.91;97.08
2971;0.3821;0.3778;0.3713;1.12;2.83;98.88;97.17
2972;0.3828;0.3763;0.3688;1.71;3.65;98.29;96.35
2973;0.3828;0.3769;0.3715;1.54;2.95;98.46;97.05
2974;0.3828;0.3765;0.3707;1.64;3.16;98.36;96.84
2975;0.3828;0.3765;0.3701;1.64;3.32;98.36;96.68
2976;0.3828;0.3769;0.3703;1.54;3.26;98.46;96.74
2977;0.3828;0.3768;0.3706;1.57;3.19;98.43;96.81
2978;0.3828;0.3767;0.3706;1.61;3.19;98.39;96.81
2979;0.3828;0.3774;0.3708;1.40;3.13;98.60;96.87
2980;0.3828;0.3778;0.3708;1.30;3.13;98.70;96.87
2981;0.3828;0.3776;0.3712;1.37;3.04;98.63;96.96
2982;0.3828;0.3777;0.3705;1.34;3.23;98.66;96.77
2983;0.3828;0.3778;0.3708;1.30;3.13;98.70;96.87
2984;0.3835;0.3778;0.3706;1.48;3.37;98.52;96.63
2985;0.3864;0.3796;0.3705;1.76;4.13;98.24;95.87
2986;0.3864;0.3800;0.3710;1.65;3.97;98.35;96.03
2987;0.3864;0.3799;0.3706;1.69;4.10;98.31;95.90
2988;0.3864;0.3799;0.3713;1.69;3.91;98.31;96.09
2989;0.3864;0.3799;0.3703;1.69;4.16;98.31;95.84
2990;0.3864;0.3797;0.3707;1.72;4.07;98.28;95.93
2991;0.3864;0.3800;0.3706;1.65;4.10;98.35;95.90
2992;0.3871;0.3800;0.3707;1.83;4.24;98.17;95.76
2993;0.3871;0.3797;0.3710;1.90;4.15;98.10;95.85
2994;0.3871;0.3796;0.3714;1.93;4.06;98.07;95.94
2995;0.3871;0.3796;0.3710;1.93;4.15;98.07;95.85
2996;0.3871;0.3800;0.3710;1.83;4.15;98.17;95.85
2997;0.3871;0.3800;0.3710;1.83;4.15;98.17;95.85
2998;0.3871;0.3797;0.3709;1.90;4.18;98.10;95.82
2999;0.3871;0.3800;0.3712;1.83;4.12;98.17;95.88
3000;0.3871;0.3800;0.3709;1.83;4.18;98.17;95.82
3001;0.3871;0.3799;0.3708;1.87;4.21;98.13;95.79
3002;0.3871;0.3800;0.3709;1.83;4.18;98.17;95.82
3003;0.3871;0.3797;0.3709;1.90;4.18;98.10;95.82
3004;0.3871;0.3797;0.3712;1.90;4.12;98.10;95.88
3005;0.3871;0.3796;0.3707;1.93;4.24;98.07;95.76
3006;0.3871;0.3796;0.3705;1.93;4.30;98.07;95.70
3007;0.3871;0.3799;0.3705;1.87;4.30;98.13;95.70
3008;0.3871;0.3799;0.3701;1.87;4.39;98.13;95.61
3009;0.3871;0.3799;0.3709;1.87;4.18;98.13;95.82
3010;0.3871;0.3796;0.3706;1.93;4.27;98.07;95.73
3011;0.3871;0.3797;0.3710;1.90;4.15;98.10;95.85
3012;0.3871;0.3800;0.3705;1.83;4.30;98.17;95.70
3013;0.3871;0.3801;0.3708;1.80;4.21;98.20;95.79
3014;0.3871;0.3797;0.3706;1.90;4.27;98.10;95.73
3015;0.3871;0.3799;0.3706;1.87;4.27;98.13;95.73
3016;0.3871;0.3800;0.3708;1.83;4.21;98.17;95.79
3017;0.3879;0.3800;0.3708;2.04;4.41;97.96;95.59
3018;0.3879;0.3799;0.3707;2.07;4.44;97.93;95.56
3019;0.3879;0.3800;0.3710;2.04;4.35;97.96;95.65
3020;0.3879;0.3799;0.3710;2.07;4.35;97.93;95.65
3021;0.3879;0.3803;0.3708;1.97;4.41;98.03;95.59
3022;0.3879;0.3796;0.3710;2.14;4.35;97.86;95.65
3023;0.3879;0.3801;0.3710;2.00;4.35;98.00;95.65
3024;0.3879;0.3801;0.3707;2.00;4.44;98.00;95.56
3025;0.3879;0.3799;0.3712;2.07;4.32;97.93;95.68
3026;0.3879;0.3799;0.3709;2.07;4.38;97.93;95.62
3027;0.3879;0.3799;0.3709;2.07;4.38;97.93;95.62
3028;0.3879;0.3799;0.3714;2.07;4.26;97.93;95.74
3029;0.3879;0.3797;0.3710;2.10;4.35;97.90;95.65
3030;0.3879;0.3800;0.3706;2.04;4.47;97.96;95.53
3031;0.3879;0.3799;0.3710;2.07;4.35;97.93;95.65
3032;0.3879;0.3800;0.3712;2.04;4.32;97.96;95.68
3033;0.3879;0.3799;0.3708;2.07;4.41;97.93;95.59
3034;0.3879;0.3795;0.3708;2.17;4.41;97.83;95.59
3035;0.3879;0.3800;0.3707;2.04;4.44;97.96;95.56
3036;0.3879;0.3797;0.3705;2.10;4.50;97.90;95.50
3037;0.3879;0.3797;0.3707;2.10;4.44;97.90;95.56
3038;0.3879;0.3799;0.3710;2.07;4.35;97.93;95.65
3039;0.3879;0.3795;0.3707;2.17;4.44;97.83;95.56
3040;0.3879;0.3799;0.3707;2.07;4.44;97.93;95.56
3041;0.3879;0.3799;0.3709;2.07;4.38;97.93;95.62
3042;0.3879;0.3797;0.3702;2.10;4.56;97.90;95.44
3043;0.3879;0.3797;0.3712;2.10;4.32;97.90;95.68
3044;0.3879;0.3796;0.3708;2.14;4.41;97.86;95.59
3045;0.3879;0.3797;0.3708;2.10;4.41;97.90;95.59
3046;0.3879;0.3799;0.3709;2.07;4.38;97.93;95.62
3047;0.3879;0.3799;0.3709;2.07;4.38;97.93;95.62
3048;0.3879;0.3799;0.3710;2.07;4.35;97.93;95.65
3049;0.3879;0.3794;0.3710;2.20;4.35;97.80;95.65
3050;0.3879;0.3796;0.3708;2.14;4.41;97.86;95.59
3051;0.3879;0.3800;0.3708;2.04;4.41;97.96;95.59
3052;0.3879;0.3794;0.3712;2.20;4.32;97.80;95.68
3053;0.3879;0.3801;0.3708;2.00;4.41;98.00;95.59
3054;0.3879;0.3797;0.3702;2.10;4.56;97.90;95.44
3055;0.3879;0.3795;0.3708;2.17;4.41;97.83;95.59
3056;0.3879;0.3799;0.3710;2.07;4.35;97.93;95.65
3057;0.3879;0.3801;0.3714;2.00;4.26;98.00;95.74
3058;0.3879;0.3796;0.3707;2.14;4.44;97.86;95.56
3059;0.3879;0.3794;0.3707;2.20;4.44;97.80;95.56
3060;0.3879;0.3799;0.3710;2.07;4.35;97.93;95.65
3061;0.3879;0.3801;0.3707;2.00;4.44;98.00;95.56
3062;0.3879;0.3803;0.3705;1.97;4.50;98.03;95.50
3063;0.3879;0.3803;0.3705;1.97;4.50;98.03;95.50
3064;0.3879;0.3797;0.3709;2.10;4.38;97.90;95.62
3065;0.3879;0.3801;0.3709;2.00;4.38;98.00;95.62
3066;0.3879;0.3796;0.3710;2.14;4.35;97.86;95.65
3067;0.3879;0.3792;0.3708;2.23;4.41;97.77;95.59
3068;0.3879;0.3799;0.3709;2.07;4.38;97.93;95.62
3069;0.3879;0.3799;0.3708;2.07;4.41;97.93;95.59
3070;0.3879;0.3799;0.3707;2.07;4.44;97.93;95.56
3071;0.3879;0.3796;0.3706;2.14;4.47;97.86;95.53
3072;0.3879;0.3788;0.3706;2.33;4.47;97.67;95.53
3073;0.3879;0.3800;0.3707;2.04;4.44;97.96;95.56
3074;0.3879;0.3797;0.3709;2.10;4.38;97.90;95.62
3075;0.3879;0.3799;0.3706;2.07;4.47;97.93;95.53
3076;0.3879;0.3797;0.3706;2.10;4.47;97.90;95.53
3077;0.3879;0.3800;0.3706;2.04;4.47;97.96;95.53
3078;0.3879;0.3799;0.3707;2.07;4.44;97.93;95.56
3079;0.3879;0.3797;0.3708;2.10;4.41;97.90;95.59
3080;0.3879;0.3800;0.3708;2.04;4.41;97.96;95.59
3081;0.3886;0.3800;0.3710;2.21;4.52;97.79;95.48
3082;0.3886;0.3797;0.3703;2.28;4.70;97.72;95.30
3083;0.3886;0.3799;0.3713;2.24;4.46;97.76;95.54
3084;0.3886;0.3797;0.3712;2.28;4.49;97.72;95.51
3085;0.3886;0.3796;0.3708;2.31;4.58;97.69;95.42
3086;0.3886;0.3801;0.3705;2.18;4.67;97.82;95.33
3087;0.3886;0.3800;0.3709;2.21;4.55;97.79;95.45
3088;0.3886;0.3800;0.3712;2.21;4.49;97.79;95.51
3089;0.3886;0.3801;0.3713;2.18;4.46;97.82;95.54
3090;0.3886;0.3799;0.3710;2.24;4.52;97.76;95.48
3091;0.3886;0.3797;0.3707;2.28;4.61;97.72;95.39
3092;0.3886;0.3799;0.3707;2.24;4.61;97.76;95.39
3093;0.3886;0.3797;0.3708;2.28;4.58;97.72;95.42
3094;0.3886;0.3801;0.3709;2.18;4.55;97.82;95.45
3095;0.3886;0.3801;0.3712;2.18;4.49;97.82;95.51
3096;0.3886;0.3801;0.3709;2.18;4.55;97.82;95.45
3097;0.3886;0.3799;0.3708;2.24;4.58;97.76;95.42
3098;0.3886;0.3797;0.3712;2.28;4.49;97.72;95.51
3099;0.3886;0.3799;0.3709;2.24;4.55;97.76;95.45
3100;0.3886;0.3799;0.3714;2.24;4.43;97.76;95.57
3101;0.3886;0.3803;0.3714;2.15;4.43;97.85;95.57
3102;0.3886;0.3801;0.3709;2.18;4.55;97.82;95.45
3103;0.3886;0.3801;0.3707;2.18;4.61;97.82;95.39
3104;0.3886;0.3804;0.3710;2.11;4.52;97.89;95.48
3105;0.3886;0.3800;0.3708;2.21;4.58;97.79;95.42
3106;0.3886;0.3799;0.3706;2.24;4.64;97.76;95.36
3107;0.3886;0.3795;0.3709;2.34;4.55;97.66;95.45
3108;0.3886;0.3796;0.3703;2.31;4.70;97.69;95.30
3109;0.3886;0.3795;0.3710;2.34;4.52;97.66;95.48
3110;0.3886;0.3800;0.3709;2.21;4.55;97.79;95.45
3111;0.3886;0.3799;0.3709;2.24;4.55;97.76;95.45
3112;0.3886;0.3799;0.3708;2.24;4.58;97.76;95.42
3113;0.3886;0.3800;0.3714;2.21;4.43;97.79;95.57
3114;0.3886;0.3801;0.3708;2.18;4.58;97.82;95.42
3115;0.3886;0.3800;0.3707;2.21;4.61;97.79;95.39
3116;0.3886;0.3797;0.3709;2.28;4.55;97.72;95.45
3117;0.3886;0.3796;0.3708;2.31;4.58;97.69;95.42
3118;0.3886;0.3799;0.3709;2.24;4.55;97.76;95.45
3119;0.3886;0.3801;0.3708;2.18;4.58;97.82;95.42
3120;0.3886;0.3799;0.3713;2.24;4.46;97.76;95.54
3121;0.3886;0.3797;0.3708;2.28;4.58;97.72;95.42
3122;0.3886;0.3799;0.3707;2.24;4.61;97.76;95.39
3123;0.3886;0.3799;0.3707;2.24;4.61;97.76;95.39
3124;0.3886;0.3796;0.3709;2.31;4.55;97.69;95.45
3125;0.3886;0.3799;0.3709;2.24;4.55;97.76;95.45
3126;0.3886;0.3795;0.3707;2.34;4.61;97.66;95.39
3127;0.3886;0.3797;0.3708;2.28;4.58;97.72;95.42
3128;0.3886;0.3800;0.3709;2.21;4.55;97.79;95.45
3129;0.3886;0.3800;0.3708;2.21;4.58;97.79;95.42
3130;0.3886;0.3807;0.3712;2.05;4.49;97.95;95.51
3131;0.3886;0.3800;0.3706;2.21;4.64;97.79;95.36
3132;0.3893;0.3797;0.3709;2.45;4.72;97.55;95.28
3133;0.3893;0.3796;0.3710;2.49;4.69;97.51;95.31
3134;0.3893;0.3796;0.3706;2.49;4.81;97.51;95.19
3135;0.3893;0.3796;0.3709;2.49;4.72;97.51;95.28
3136;0.3893;0.3796;0.3707;2.49;4.78;97.51;95.22
3137;0.3893;0.3797;0.3709;2.45;4.72;97.55;95.28
3138;0.3893;0.3800;0.3710;2.39;4.69;97.61;95.31
3139;0.3893;0.3801;0.3705;2.35;4.84;97.65;95.16
3140;0.3893;0.3801;0.3707;2.35;4.78;97.65;95.22
3141;0.3893;0.3794;0.3708;2.55;4.75;97.45;95.25
3142;0.3893;0.3801;0.3709;2.35;4.72;97.65;95.28
3143;0.3893;0.3796;0.3709;2.49;4.72;97.51;95.28
3144;0.3893;0.3800;0.3709;2.39;4.72;97.61;95.28
3145;0.3893;0.3792;0.3710;2.59;4.69;97.41;95.31
3146;0.3893;0.3800;0.3710;2.39;4.69;97.61;95.31
3147;0.3893;0.3796;0.3707;2.49;4.78;97.51;95.22
3148;0.3893;0.3797;0.3707;2.45;4.78;97.55;95.22
3149;0.3893;0.3799;0.3708;2.42;4.75;97.58;95.25
3150;0.3893;0.3795;0.3709;2.52;4.72;97.48;95.28
3151;0.3893;0.3796;0.3708;2.49;4.75;97.51;95.25
3152;0.3893;0.3797;0.3707;2.45;4.78;97.55;95.22
3153;0.3893;0.3797;0.3712;2.45;4.66;97.55;95.34
3154;0.3893;0.3797;0.3712;2.45;4.66;97.55;95.34
3155;0.3893;0.3800;0.3708;2.39;4.75;97.61;95.25
3156;0.3893;0.3800;0.3706;2.39;4.81;97.61;95.19
3157;0.3893;0.3796;0.3708;2.49;4.75;97.51;95.25
3158;0.3893;0.3797;0.3705;2.45;4.84;97.55;95.16
3159;0.3893;0.3799;0.3709;2.42;4.72;97.58;95.28
3160;0.3893;0.3799;0.3710;2.42;4.69;97.58;95.31
3161;0.3893;0.3796;0.3712;2.49;4.66;97.51;95.34
3162;0.3893;0.3799;0.3708;2.42;4.75;97.58;95.25
3163;0.3893;0.3799;0.3705;2.42;4.84;97.58;95.16
3164;0.3893;0.3796;0.3707;2.49;4.78;97.51;95.22
3165;0.3893;0.3797;0.3710;2.45;4.69;97.55;95.31
3166;0.3893;0.3796;0.3710;2.49;4.69;97.51;95.31
3167;0.3900;0.3796;0.3707;2.66;4.95;97.34;95.05
3168;0.3900;0.3797;0.3708;2.63;4.92;97.37;95.08
3169;0.3900;0.3796;0.3707;2.66;4.95;97.34;95.05
3170;0.3900;0.3796;0.3707;2.66;4.95;97.34;95.05
3171;0.3900;0.3795;0.3706;2.70;4.98;97.30;95.02
3172;0.3900;0.3795;0.3706;2.70;4.98;97.30;95.02
3173;0.3900;0.3799;0.3708;2.60;4.92;97.40;95.08
3174;0.3900;0.3796;0.3710;2.66;4.86;97.34;95.14
3175;0.3900;0.3800;0.3708;2.56;4.92;97.44;95.08
3176;0.3900;0.3796;0.3712;2.66;4.83;97.34;95.17
3177;0.3900;0.3803;0.3708;2.50;4.92;97.50;95.08
3178;0.3900;0.3795;0.3708;2.70;4.92;97.30;95.08
3179;0.3900;0.3797;0.3706;2.63;4.98;97.37;95.02
3180;0.3900;0.3797;0.3707;2.63;4.95;97.37;95.05
3181;0.3900;0.3796;0.3710;2.66;4.86;97.34;95.14
3182;0.3900;0.3797;0.3707;2.63;4.95;97.37;95.05
3183;0.3900;0.3800;0.3709;2.56;4.89;97.44;95.11
3184;0.3900;0.3800;0.3710;2.56;4.86;97.44;95.14
3185;0.3900;0.3799;0.3709;2.60;4.89;97.40;95.11
3186;0.3900;0.3800;0.3708;2.56;4.92;97.44;95.08
3187;0.3900;0.3799;0.3709;2.60;4.89;97.40;95.11
3188;0.3900;0.3797;0.3707;2.63;4.95;97.37;95.05
3189;0.3900;0.3796;0.3713;2.66;4.80;97.34;95.20
3190;0.3900;0.3796;0.3712;2.66;4.83;97.34;95.17
3191;0.3900;0.3794;0.3707;2.73;4.95;97.27;95.05
3192;0.3908;0.3794;0.3710;2.93;5.06;97.07;94.94
3193;0.3908;0.3795;0.3712;2.89;5.03;97.11;94.97
3194;0.3908;0.3797;0.3707;2.83;5.15;97.17;94.85
3195;0.3908;0.3795;0.3709;2.89;5.09;97.11;94.91
3196;0.3908;0.3794;0.3710;2.93;5.06;97.07;94.94
3197;0.3908;0.3795;0.3703;2.89;5.24;97.11;94.76
3198;0.3908;0.3795;0.3713;2.89;5.00;97.11;95.00
3199;0.3908;0.3791;0.3702;2.99;5.27;97.01;94.73
3200;0.3908;0.3795;0.3709;2.89;5.09;97.11;94.91
3201;0.3908;0.3797;0.3706;2.83;5.18;97.17;94.82
3202;0.3908;0.3796;0.3712;2.86;5.03;97.14;94.97
3203;0.3908;0.3796;0.3712;2.86;5.03;97.14;94.97
3204;0.3908;0.3799;0.3710;2.80;5.06;97.20;94.94
3205;0.3908;0.3797;0.3710;2.83;5.06;97.17;94.94
3206;0.3908;0.3800;0.3710;2.76;5.06;97.24;94.94
3207;0.3908;0.3796;0.3709;2.86;5.09;97.14;94.91
3208;0.3908;0.3797;0.3710;2.83;5.06;97.17;94.94
3209;0.3908;0.3797;0.3712;2.83;5.03;97.17;94.97
3210;0.3908;0.3797;0.3707;2.83;5.15;97.17;94.85
3211;0.3908;0.3796;0.3706;2.86;5.18;97.14;94.82
3212;0.3908;0.3797;0.3708;2.83;5.12;97.17;94.88
3213;0.3908;0.3799;0.3713;2.80;5.00;97.20;95.00
3214;0.3908;0.3800;0.3709;2.76;5.09;97.24;94.91
3215;0.3908;0.3799;0.3708;2.80;5.12;97.20;94.88
3216;0.3908;0.3797;0.3705;2.83;5.21;97.17;94.79
3217;0.3915;0.3788;0.3709;3.23;5.26;96.77;94.74
3218;0.3915;0.3794;0.3712;3.10;5.20;96.90;94.80
3219;0.3915;0.3795;0.3710;3.07;5.23;96.93;94.77
3220;0.3915;0.3792;0.3710;3.13;5.23;96.87;94.77
3221;0.3915;0.3794;0.3708;3.10;5.29;96.90;94.71
3222;0.3915;0.3794;0.3707;3.10;5.32;96.90;94.68
3223;0.3915;0.3795;0.3708;3.07;5.29;96.93;94.71
3224;0.3915;0.3795;0.3713;3.07;5.17;96.93;94.83
3225;0.3915;0.3795;0.3710;3.07;5.23;96.93;94.77
3226;0.3915;0.3791;0.3709;3.17;5.26;96.83;94.74
3227;0.3915;0.3795;0.3712;3.07;5.20;96.93;94.80
3228;0.3915;0.3795;0.3709;3.07;5.26;96.93;94.74
3229;0.3915;0.3792;0.3710;3.13;5.23;96.87;94.77
3230;0.3915;0.3795;0.3712;3.07;5.20;96.93;94.80
3231;0.3915;0.3799;0.3709;2.97;5.26;97.03;94.74
3232;0.3915;0.3792;0.3708;3.13;5.29;96.87;94.71
3233;0.3915;0.3795;0.3712;3.07;5.20;96.93;94.80
3234;0.3915;0.3799;0.3709;2.97;5.26;97.03;94.74
3235;0.3915;0.3797;0.3710;3.00;5.23;97.00;94.77
3236;0.3915;0.3795;0.3710;3.07;5.23;96.93;94.77
3237;0.3915;0.3795;0.3710;3.07;5.23;96.93;94.77
3238;0.3915;0.3799;0.3709;2.97;5.26;97.03;94.74
3239;0.3915;0.3796;0.3712;3.03;5.20;96.97;94.80
3240;0.3915;0.3794;0.3708;3.10;5.29;96.90;94.71
3241;0.3915;0.3795;0.3706;3.07;5.35;96.93;94.65
3242;0.3915;0.3796;0.3710;3.03;5.23;96.97;94.77
3243;0.3922;0.3786;0.3714;3.47;5.30;96.53;94.70
3244;0.3922;0.3790;0.3709;3.37;5.42;96.63;94.58
3245;0.3922;0.3790;0.3707;3.37;5.48;96.63;94.52
3246;0.3922;0.3792;0.3712;3.31;5.36;96.69;94.64
3247;0.3922;0.3792;0.3712;3.31;5.36;96.69;94.64
3248;0.3922;0.3795;0.3706;3.24;5.51;96.76;94.49
3249;0.3922;0.3795;0.3709;3.24;5.42;96.76;94.58
3250;0.3922;0.3791;0.3709;3.34;5.42;96.66;94.58
3251;0.3922;0.3792;0.3710;3.31;5.39;96.69;94.61
3252;0.3922;0.3797;0.3712;3.18;5.36;96.82;94.64
3253;0.3922;0.3791;0.3712;3.34;5.36;96.66;94.64
3254;0.3922;0.3797;0.3712;3.18;5.36;96.82;94.64
3255;0.3922;0.3794;0.3708;3.27;5.45;96.73;94.55
3256;0.3922;0.3791;0.3712;3.34;5.36;96.66;94.64
3257;0.3922;0.3792;0.3708;3.31;5.45;96.69;94.55
3258;0.3930;0.3792;0.3710;3.50;5.59;96.50;94.41
3259;0.3930;0.3790;0.3709;3.57;5.62;96.43;94.38
3260;0.3930;0.3794;0.3712;3.47;5.56;96.53;94.44
3261;0.3930;0.3791;0.3714;3.54;5.50;96.46;94.50
3262;0.3930;0.3787;0.3713;3.63;5.53;96.37;94.47
3263;0.3930;0.3792;0.3708;3.50;5.65;96.50;94.35
3264;0.3930;0.3792;0.3709;3.50;5.62;96.50;94.38
3265;0.3930;0.3795;0.3713;3.44;5.53;96.56;94.47
3266;0.3930;0.3794;0.3709;3.47;5.62;96.53;94.38
3267;0.3930;0.3792;0.3710;3.50;5.59;96.50;94.41
3268;0.3937;0.3787;0.3710;3.81;5.76;96.19;94.24
3269;0.3937;0.3790;0.3714;3.74;5.67;96.26;94.33
3270;0.3937;0.3787;0.3712;3.81;5.73;96.19;94.27
3271;0.3937;0.3788;0.3710;3.77;5.76;96.23;94.24
3272;0.3937;0.3791;0.3710;3.71;5.76;96.29;94.24
3273;0.3937;0.3787;0.3713;3.81;5.70;96.19;94.30
3274;0.3937;0.3794;0.3710;3.64;5.76;96.36;94.24
3275;0.3937;0.3792;0.3713;3.68;5.70;96.32;94.30
3276;0.3937;0.3791;0.3709;3.71;5.79;96.29;94.21
3277;0.3937;0.3794;0.3708;3.64;5.81;96.36;94.19
3278;0.3944;0.3777;0.3706;4.24;6.04;95.76;93.96
3279;0.3944;0.3790;0.3710;3.91;5.92;96.09;94.08
3280;0.3944;0.3790;0.3710;3.91;5.92;96.09;94.08
3281;0.3944;0.3786;0.3713;4.01;5.86;95.99;94.14
3282;0.3951;0.3790;0.3714;4.08;6.00;95.92;94.00
3283;0.3951;0.3790;0.3712;4.08;6.06;95.92;93.94
3284;0.3951;0.3788;0.3715;4.11;5.97;95.89;94.03
3285;0.3959;0.3790;0.3710;4.28;6.28;95.72;93.72
3286;0.3959;0.3792;0.3714;4.21;6.19;95.79;93.81
3287;0.3959;0.3788;0.3713;4.31;6.22;95.69;93.78
3288;0.3966;0.3787;0.3710;4.51;6.44;95.49;93.56
3289;0.3966;0.3788;0.3714;4.48;6.36;95.52;93.64
3290;0.3973;0.3787;0.3710;4.68;6.61;95.32;93.39
3291;0.3973;0.3797;0.3709;4.42;6.64;95.58;93.36
3292;0.3973;0.3790;0.3715;4.61;6.49;95.39;93.51
3293;0.3980;0.3794;0.3708;4.68;6.83;95.32;93.17
3294;0.3980;0.3830;0.3733;3.78;6.21;96.22;93.79
3295;0.3980;0.3827;0.3736;3.84;6.12;96.16;93.88
3296;0.3988;0.3828;0.3736;4.00;6.31;96.00;93.69
3297;0.3988;0.3828;0.3736;4.00;6.31;96.00;93.69
3298;0.3988;0.3831;0.3736;3.94;6.31;96.06;93.69
3299;0.3988;0.3830;0.3737;3.97;6.28;96.03;93.72
3300;0.3988;0.3830;0.3736;3.97;6.31;96.03;93.69
3301;0.3988;0.3827;0.3733;4.03;6.40;95.97;93.60
3302;0.3988;0.3830;0.3735;3.97;6.34;96.03;93.66
3303;0.3988;0.3828;0.3736;4.00;6.31;96.00;93.69
3304;0.3988;0.3832;0.3735;3.90;6.34;96.10;93.66
3305;0.3988;0.3825;0.3735;4.10;6.34;95.90;93.66
3306;0.3988;0.3834;0.3737;3.87;6.28;96.13;93.72
3307;0.3988;0.3826;0.3734;4.07;6.37;95.93;93.63
3308;0.3988;0.3827;0.3734;4.03;6.37;95.97;93.63
3309;0.3988;0.3832;0.3735;3.90;6.34;96.10;93.66
3310;0.3995;0.3827;0.3739;4.20;6.42;95.80;93.58
3311;0.3995;0.3825;0.3737;4.27;6.45;95.73;93.55
3312;0.3995;0.3830;0.3736;4.14;6.48;95.86;93.52
3313;0.3995;0.3827;0.3735;4.20;6.51;95.80;93.49
3314;0.3995;0.3828;0.3735;4.17;6.51;95.83;93.49
3315;0.3995;0.3828;0.3736;4.17;6.48;95.83;93.52
3316;0.3995;0.3828;0.3737;4.17;6.45;95.83;93.55
3317;0.3995;0.3827;0.3737;4.20;6.45;95.80;93.55
3318;0.3995;0.3830;0.3739;4.14;6.42;95.86;93.58
3319;0.3995;0.3825;0.3735;4.27;6.51;95.73;93.49
3320;0.3995;0.3827;0.3736;4.20;6.48;95.80;93.52
3321;0.3995;0.3834;0.3739;4.04;6.42;95.96;93.58
3322;0.3995;0.3830;0.3733;4.14;6.57;95.86;93.43
3323;0.3995;0.3831;0.3733;4.10;6.57;95.90;93.43
3324;0.3995;0.3830;0.3737;4.14;6.45;95.86;93.55
3325;0.3995;0.3831;0.3735;4.10;6.51;95.90;93.49
3326;0.3995;0.3828;0.3735;4.17;6.51;95.83;93.49
3327;0.3995;0.3825;0.3741;4.27;6.36;95.73;93.64
3328;0.4002;0.3781;0.3707;5.53;7.37;94.47;92.63
3329;0.4002;0.3828;0.3741;4.34;6.52;95.66;93.48
3330;0.4002;0.3831;0.3742;4.27;6.49;95.73;93.51
3331;0.4002;0.3830;0.3740;4.30;6.55;95.70;93.45
3332;0.4002;0.3828;0.3734;4.34;6.70;95.66;93.30
3333;0.4002;0.3835;0.3737;4.18;6.61;95.82;93.39
3334;0.4002;0.3830;0.3739;4.30;6.58;95.70;93.42
3335;0.4002;0.3828;0.3741;4.34;6.52;95.66;93.48
3336;0.4002;0.3827;0.3730;4.37;6.79;95.63;93.21
3337;0.4002;0.3830;0.3737;4.30;6.61;95.70;93.39
3338;0.4002;0.3830;0.3736;4.30;6.64;95.70;93.36
3339;0.4002;0.3830;0.3737;4.30;6.61;95.70;93.39
3340;0.4002;0.3826;0.3733;4.40;6.73;95.60;93.27
3341;0.4002;0.3828;0.3737;4.34;6.61;95.66;93.39
3342;0.4002;0.3831;0.3735;4.27;6.67;95.73;93.33
3343;0.4002;0.3823;0.3734;4.47;6.70;95.53;93.30
3344;0.4002;0.3828;0.3732;4.34;6.76;95.66;93.24
3345;0.4002;0.3830;0.3733;4.30;6.73;95.70;93.27
3346;0.4002;0.3828;0.3734;4.34;6.70;95.66;93.30
3347;0.4009;0.3832;0.3746;4.41;6.57;95.59;93.43
3348;0.4009;0.3830;0.3741;4.47;6.69;95.53;93.31
3349;0.4009;0.3828;0.3740;4.50;6.72;95.50;93.28
3350;0.4009;0.3827;0.3742;4.54;6.66;95.46;93.34
3351;0.4009;0.3832;0.3744;4.41;6.60;95.59;93.40
3352;0.4009;0.3826;0.3742;4.57;6.66;95.43;93.34
3353;0.4009;0.3832;0.3742;4.41;6.66;95.59;93.34
3354;0.4009;0.3827;0.3739;4.54;6.74;95.46;93.26
3355;0.4009;0.3830;0.3736;4.47;6.80;95.53;93.20
3356;0.4009;0.3832;0.3736;4.41;6.80;95.59;93.20
3357;0.4009;0.3828;0.3739;4.50;6.74;95.50;93.26
3358;0.4009;0.3831;0.3739;4.44;6.74;95.56;93.26
3359;0.4009;0.3831;0.3739;4.44;6.74;95.56;93.26
3360;0.4009;0.3832;0.3737;4.41;6.77;95.59;93.23
3361;0.4009;0.3831;0.3740;4.44;6.72;95.56;93.28
3362;0.4009;0.3823;0.3739;4.63;6.74;95.37;93.26
3363;0.4009;0.3826;0.3735;4.57;6.83;95.43;93.17
3364;0.4009;0.3830;0.3734;4.47;6.86;95.53;93.14
3365;0.4009;0.3821;0.3736;4.70;6.80;95.30;93.20
3366;0.4009;0.3827;0.3737;4.54;6.77;95.46;93.23
3367;0.4009;0.3823;0.3736;4.63;6.80;95.37;93.20
3368;0.4009;0.3828;0.3735;4.50;6.83;95.50;93.17
3369;0.4009;0.3827;0.3737;4.54;6.77;95.46;93.23
3370;0.4009;0.3827;0.3733;4.54;6.89;95.46;93.11
3371;0.4017;0.3832;0.3744;4.60;6.78;95.40;93.22
3372;0.4017;0.3831;0.3741;4.63;6.87;95.37;93.13
3373;0.4017;0.3832;0.3743;4.60;6.81;95.40;93.19
3374;0.4017;0.3828;0.3742;4.69;6.84;95.31;93.16
3375;0.4017;0.3830;0.3739;4.66;6.93;95.34;93.07
3376;0.4017;0.3831;0.3740;4.63;6.90;95.37;93.10
3377;0.4017;0.3831;0.3741;4.63;6.87;95.37;93.13
3378;0.4017;0.3828;0.3740;4.69;6.90;95.31;93.10
3379;0.4017;0.3828;0.3743;4.69;6.81;95.31;93.19
3380;0.4017;0.3830;0.3740;4.66;6.90;95.34;93.10
3381;0.4017;0.3831;0.3740;4.63;6.90;95.37;93.10
3382;0.4017;0.3831;0.3737;4.63;6.96;95.37;93.04
3383;0.4017;0.3828;0.3735;4.69;7.02;95.31;92.98
3384;0.4024;0.3831;0.3746;4.80;6.92;95.20;93.08
3385;0.4024;0.3831;0.3748;4.80;6.86;95.20;93.14
3386;0.4024;0.3831;0.3747;4.80;6.89;95.20;93.11
3387;0.4024;0.3827;0.3741;4.89;7.03;95.11;92.97
3388;0.4024;0.3831;0.3739;4.80;7.09;95.20;92.91
3389;0.4024;0.3832;0.3744;4.76;6.95;95.24;93.05
3390;0.4024;0.3831;0.3741;4.80;7.03;95.20;92.97
3391;0.4024;0.3830;0.3739;4.83;7.09;95.17;92.91
3392;0.4024;0.3828;0.3741;4.86;7.03;95.14;92.97
3393;0.4024;0.3826;0.3741;4.92;7.03;95.08;92.97
3394;0.4024;0.3827;0.3735;4.89;7.18;95.11;92.82
3395;0.4031;0.3832;0.3749;4.93;6.99;95.07;93.01
3396;0.4031;0.3830;0.3748;4.99;7.02;95.01;92.98
3397;0.4031;0.3831;0.3742;4.96;7.17;95.04;92.83
3398;0.4031;0.3832;0.3742;4.93;7.17;95.07;92.83
3399;0.4031;0.3831;0.3742;4.96;7.17;95.04;92.83
3400;0.4031;0.3828;0.3740;5.03;7.22;94.97;92.78
3401;0.4038;0.3831;0.3750;5.13;7.12;94.87;92.88
3402;0.4038;0.3831;0.3752;5.13;7.09;94.87;92.91
3403;0.4038;0.3831;0.3747;5.13;7.21;94.87;92.79
3404;0.4038;0.3828;0.3749;5.19;7.15;94.81;92.85
3405;0.4038;0.3831;0.3749;5.13;7.15;94.87;92.85
3406;0.4038;0.3832;0.3749;5.09;7.15;94.91;92.85
3407;0.4038;0.3830;0.3747;5.16;7.21;94.84;92.79
3408;0.4038;0.3828;0.3743;5.19;7.30;94.81;92.70
3409;0.4038;0.3828;0.3743;5.19;7.30;94.81;92.70
3410;0.4046;0.3830;0.3749;5.35;7.34;94.65;92.66
3411;0.4046;0.3831;0.3750;5.31;7.31;94.69;92.69
3412;0.4046;0.3828;0.3748;5.38;7.37;94.62;92.63
3413;0.4046;0.3830;0.3744;5.35;7.45;94.65;92.55
3414;0.4046;0.3832;0.3748;5.28;7.37;94.72;92.63
3415;0.4046;0.3827;0.3750;5.41;7.31;94.59;92.69
3416;0.4046;0.3828;0.3746;5.38;7.42;94.62;92.58
3417;0.4053;0.3831;0.3749;5.48;7.50;94.52;92.50
3418;0.4053;0.3830;0.3750;5.51;7.47;94.49;92.53
3419;0.4053;0.3831;0.3752;5.48;7.44;94.52;92.56
3420;0.4060;0.3834;0.3750;5.58;7.63;94.42;92.37
3421;0.4060;0.3857;0.3760;5.00;7.40;95.00;92.60
3422;0.4060;0.3858;0.3762;4.97;7.34;95.03;92.66
3423;0.4060;0.3858;0.3760;4.97;7.40;95.03;92.60
3424;0.4060;0.3862;0.3761;4.88;7.37;95.12;92.63
3425;0.4068;0.3835;0.3749;5.73;7.84;94.27;92.16
3426;0.4068;0.3830;0.3748;5.86;7.87;94.14;92.13
3427;0.4068;0.3831;0.3753;5.83;7.75;94.17;92.25
3428;0.4068;0.3828;0.3754;5.89;7.72;94.11;92.28
3429;0.4068;0.3832;0.3748;5.79;7.87;94.21;92.13
3430;0.4068;0.3828;0.3748;5.89;7.87;94.11;92.13
3431;0.4068;0.3828;0.3749;5.89;7.84;94.11;92.16
3432;0.4068;0.3859;0.3764;5.13;7.46;94.87;92.54
3433;0.4068;0.3862;0.3760;5.06;7.58;94.94;92.42
3434;0.4068;0.3862;0.3761;5.06;7.55;94.94;92.45
3435;0.4068;0.3858;0.3759;5.16;7.61;94.84;92.39
3436;0.4068;0.3861;0.3757;5.10;7.64;94.90;92.36
3437;0.4068;0.3862;0.3759;5.06;7.61;94.94;92.39
3438;0.4068;0.3862;0.3760;5.06;7.58;94.94;92.42
3439;0.4068;0.3862;0.3759;5.06;7.61;94.94;92.39
3440;0.4068;0.3857;0.3760;5.19;7.58;94.81;92.42
3441;0.4068;0.3859;0.3760;5.13;7.58;94.87;92.42
3442;0.4068;0.3861;0.3762;5.10;7.52;94.90;92.48
3443;0.4068;0.3862;0.3762;5.06;7.52;94.94;92.48
3444;0.4068;0.3859;0.3760;5.13;7.58;94.87;92.42
3445;0.4068;0.3859;0.3759;5.13;7.61;94.87;92.39
3446;0.4068;0.3859;0.3760;5.13;7.58;94.87;92.42
3447;0.4075;0.3825;0.3749;6.15;8.00;93.85;92.00
3448;0.4075;0.3832;0.3750;5.96;7.97;94.04;92.03
3449;0.4075;0.3830;0.3753;6.02;7.91;93.98;92.09
3450;0.4075;0.3825;0.3753;6.15;7.91;93.85;92.09
3451;0.4075;0.3826;0.3756;6.11;7.82;93.89;92.18
3452;0.4075;0.3858;0.3762;5.32;7.68;94.68;92.32
3453;0.4075;0.3859;0.3761;5.29;7.71;94.71;92.29
3454;0.4075;0.3859;0.3762;5.29;7.68;94.71;92.32
3455;0.4075;0.3859;0.3763;5.29;7.65;94.71;92.35
3456;0.4075;0.3858;0.3757;5.32;7.79;94.68;92.21
3457;0.4075;0.3859;0.3761;5.29;7.71;94.71;92.29
3458;0.4075;0.3859;0.3761;5.29;7.71;94.71;92.29
3459;0.4075;0.3858;0.3763;5.32;7.65;94.68;92.35
3460;0.4075;0.3861;0.3762;5.26;7.68;94.74;92.32
3461;0.4075;0.3859;0.3762;5.29;7.68;94.71;92.32
3462;0.4075;0.3854;0.3757;5.42;7.79;94.58;92.21
3463;0.4075;0.3861;0.3762;5.26;7.68;94.74;92.32
3464;0.4075;0.3861;0.3762;5.26;7.68;94.74;92.32
3465;0.4075;0.3859;0.3763;5.29;7.65;94.71;92.35
3466;0.4075;0.3857;0.3760;5.35;7.74;94.65;92.26
3467;0.4075;0.3859;0.3757;5.29;7.79;94.71;92.21
3468;0.4075;0.3865;0.3760;5.16;7.74;94.84;92.26
3469;0.4075;0.3861;0.3763;5.26;7.65;94.74;92.35
3470;0.4075;0.3859;0.3762;5.29;7.68;94.71;92.32
3471;0.4075;0.3861;0.3761;5.26;7.71;94.74;92.29
3472;0.4075;0.3859;0.3762;5.29;7.68;94.71;92.32
3473;0.4075;0.3858;0.3764;5.32;7.62;94.68;92.38
3474;0.4075;0.3861;0.3761;5.26;7.71;94.74;92.29
3475;0.4075;0.3857;0.3762;5.35;7.68;94.65;92.32
3476;0.4075;0.3859;0.3762;5.29;7.68;94.71;92.32
3477;0.4075;0.3856;0.3762;5.39;7.68;94.61;92.32
3478;0.4075;0.3858;0.3761;5.32;7.71;94.68;92.29
3479;0.4075;0.3859;0.3760;5.29;7.74;94.71;92.26
3480;0.4075;0.3862;0.3761;5.23;7.71;94.77;92.29
3481;0.4075;0.3859;0.3763;5.29;7.65;94.71;92.35
3482;0.4075;0.3861;0.3763;5.26;7.65;94.74;92.35
3483;0.4075;0.3857;0.3762;5.35;7.68;94.65;92.32
3484;0.4075;0.3881;0.3781;4.75;7.22;95.25;92.78
3485;0.4075;0.3879;0.3782;4.82;7.19;95.18;92.81
3486;0.4082;0.3834;0.3752;6.09;8.10;93.91;91.90
3487;0.4082;0.3858;0.3764;5.48;7.78;94.52;92.22
3488;0.4082;0.3858;0.3767;5.48;7.72;94.52;92.28
3489;0.4082;0.3856;0.3762;5.55;7.84;94.45;92.16
3490;0.4082;0.3859;0.3766;5.45;7.75;94.55;92.25
3491;0.4082;0.3859;0.3762;5.45;7.84;94.55;92.16
3492;0.4082;0.3862;0.3767;5.39;7.72;94.61;92.28
3493;0.4082;0.3854;0.3766;5.58;7.75;94.42;92.25
3494;0.4082;0.3859;0.3763;5.45;7.81;94.55;92.19
3495;0.4082;0.3861;0.3764;5.42;7.78;94.58;92.22
3496;0.4082;0.3858;0.3763;5.48;7.81;94.52;92.19
3497;0.4082;0.3857;0.3762;5.52;7.84;94.48;92.16
3498;0.4082;0.3863;0.3762;5.36;7.84;94.64;92.16
3499;0.4082;0.3859;0.3761;5.45;7.87;94.55;92.13
3500;0.4082;0.3861;0.3763;5.42;7.81;94.58;92.19
3501;0.4082;0.3859;0.3764;5.45;7.78;94.55;92.22
3502;0.4082;0.3861;0.3757;5.42;7.95;94.58;92.05
3503;0.4082;0.3856;0.3762;5.55;7.84;94.45;92.16
3504;0.4082;0.3861;0.3761;5.42;7.87;94.58;92.13
3505;0.4082;0.3861;0.3759;5.42;7.92;94.58;92.08
3506;0.4082;0.3861;0.3762;5.42;7.84;94.58;92.16
3507;0.4082;0.3862;0.3761;5.39;7.87;94.61;92.13
3508;0.4082;0.3861;0.3760;5.42;7.89;94.58;92.11
3509;0.4082;0.3856;0.3760;5.55;7.89;94.45;92.11
3510;0.4082;0.3859;0.3761;5.45;7.87;94.55;92.13
3511;0.4082;0.3859;0.3761;5.45;7.87;94.55;92.13
3512;0.4082;0.3859;0.3761;5.45;7.87;94.55;92.13
3513;0.4082;0.3859;0.3761;5.45;7.87;94.55;92.13
3514;0.4082;0.3859;0.3761;5.45;7.87;94.55;92.13
3515;0.4082;0.3858;0.3761;5.48;7.87;94.52;92.13
3516;0.4082;0.3862;0.3759;5.39;7.92;94.61;92.08
3517;0.4082;0.3856;0.3759;5.55;7.92;94.45;92.08
3518;0.4082;0.3861;0.3763;5.42;7.81;94.58;92.19
3519;0.4082;0.3859;0.3763;5.45;7.81;94.55;92.19
3520;0.4082;0.3861;0.3762;5.42;7.84;94.58;92.16
3521;0.4082;0.3865;0.3764;5.33;7.78;94.67;92.22
3522;0.4082;0.3858;0.3760;5.48;7.89;94.52;92.11
3523;0.4082;0.3858;0.3760;5.48;7.89;94.52;92.11
3524;0.4082;0.3856;0.3762;5.55;7.84;94.45;92.16
3525;0.4082;0.3861;0.3761;5.42;7.87;94.58;92.13
3526;0.4082;0.3859;0.3760;5.45;7.89;94.55;92.11
3527;0.4082;0.3877;0.3781;5.01;7.38;94.99;92.62
3528;0.4082;0.3881;0.3781;4.92;7.38;95.08;92.62
3529;0.4082;0.3881;0.3781;4.92;7.38;95.08;92.62
3530;0.4082;0.3879;0.3783;4.98;7.32;95.02;92.68
3531;0.4082;0.3877;0.3781;5.01;7.38;94.99;92.62
3532;0.4089;0.3828;0.3749;6.37;8.31;93.63;91.69
3533;0.4089;0.3828;0.3749;6.37;8.31;93.63;91.69
3534;0.4089;0.3825;0.3735;6.47;8.66;93.53;91.34
3535;0.4089;0.3859;0.3766;5.61;7.91;94.39;92.09
3536;0.4089;0.3859;0.3766;5.61;7.91;94.39;92.09
3537;0.4089;0.3857;0.3759;5.68;8.08;94.32;91.92
3538;0.4089;0.3859;0.3760;5.61;8.05;94.39;91.95
3539;0.4089;0.3858;0.3764;5.65;7.94;94.35;92.06
3540;0.4089;0.3861;0.3760;5.58;8.05;94.42;91.95
3541;0.4089;0.3861;0.3763;5.58;7.97;94.42;92.03
3542;0.4089;0.3859;0.3763;5.61;7.97;94.39;92.03
3543;0.4089;0.3862;0.3762;5.55;8.00;94.45;92.00
3544;0.4089;0.3858;0.3766;5.65;7.91;94.35;92.09
3545;0.4089;0.3858;0.3762;5.65;8.00;94.35;92.00
3546;0.4089;0.3861;0.3759;5.58;8.08;94.42;91.92
3547;0.4089;0.3858;0.3763;5.65;7.97;94.35;92.03
3548;0.4089;0.3856;0.3760;5.71;8.05;94.29;91.95
3549;0.4089;0.3861;0.3761;5.58;8.02;94.42;91.98
3550;0.4089;0.3859;0.3759;5.61;8.08;94.39;91.92
3551;0.4089;0.3856;0.3761;5.71;8.02;94.29;91.98
3552;0.4089;0.3854;0.3763;5.74;7.97;94.26;92.03
3553;0.4089;0.3861;0.3761;5.58;8.02;94.42;91.98
3554;0.4089;0.3859;0.3756;5.61;8.14;94.39;91.86
3555;0.4089;0.3859;0.3760;5.61;8.05;94.39;91.95
3556;0.4089;0.3861;0.3762;5.58;8.00;94.42;92.00
3557;0.4089;0.3858;0.3766;5.65;7.91;94.35;92.09
3558;0.4089;0.3861;0.3762;5.58;8.00;94.42;92.00
3559;0.4089;0.3859;0.3761;5.61;8.02;94.39;91.98
3560;0.4089;0.3859;0.3766;5.61;7.91;94.39;92.09
3561;0.4089;0.3856;0.3761;5.71;8.02;94.29;91.98
3562;0.4089;0.3858;0.3756;5.65;8.14;94.35;91.86
3563;0.4089;0.3859;0.3762;5.61;8.00;94.39;92.00
3564;0.4089;0.3856;0.3762;5.71;8.00;94.29;92.00
3565;0.4089;0.3861;0.3761;5.58;8.02;94.42;91.98
3566;0.4089;0.3884;0.3783;5.02;7.48;94.98;92.52
3567;0.4089;0.3881;0.3783;5.08;7.48;94.92;92.52
3568;0.4089;0.3880;0.3783;5.11;7.48;94.89;92.52
3569;0.4089;0.3879;0.3783;5.14;7.48;94.86;92.52
3570;0.4089;0.3883;0.3781;5.05;7.54;94.95;92.46
3571;0.4089;0.3885;0.3783;4.98;7.48;95.02;92.52
3572;0.4089;0.3880;0.3781;5.11;7.54;94.89;92.46
3573;0.4089;0.3880;0.3781;5.11;7.54;94.89;92.46
3574;0.4089;0.3874;0.3786;5.27;7.42;94.73;92.58
3575;0.4089;0.3879;0.3786;5.14;7.42;94.86;92.58
3576;0.4089;0.3881;0.3780;5.08;7.56;94.92;92.44
3577;0.4089;0.3877;0.3782;5.17;7.51;94.83;92.49
3578;0.4089;0.3881;0.3781;5.08;7.54;94.92;92.46
3579;0.4097;0.3799;0.3727;7.28;9.03;92.72;90.97
3580;0.4097;0.3857;0.3759;5.86;8.26;94.14;91.74
3581;0.4097;0.3862;0.3764;5.74;8.12;94.26;91.88
3582;0.4097;0.3861;0.3763;5.77;8.15;94.23;91.85
3583;0.4097;0.3861;0.3761;5.77;8.20;94.23;91.80
3584;0.4097;0.3858;0.3762;5.83;8.17;94.17;91.83
3585;0.4097;0.3861;0.3762;5.77;8.17;94.23;91.83
3586;0.4097;0.3875;0.3782;5.42;7.69;94.58;92.31
3587;0.4097;0.3876;0.3781;5.39;7.72;94.61;92.28
3588;0.4097;0.3879;0.3782;5.33;7.69;94.67;92.31
3589;0.4097;0.3879;0.3784;5.33;7.63;94.67;92.37
3590;0.4097;0.3881;0.3783;5.26;7.66;94.74;92.34
3591;0.4097;0.3883;0.3779;5.23;7.77;94.77;92.23
3592;0.4097;0.3880;0.3780;5.30;7.75;94.70;92.25
3593;0.4097;0.3884;0.3784;5.20;7.63;94.80;92.37
3594;0.4097;0.3884;0.3784;5.20;7.63;94.80;92.37
3595;0.4097;0.3883;0.3783;5.23;7.66;94.77;92.34
3596;0.4097;0.3881;0.3783;5.26;7.66;94.74;92.34
3597;0.4097;0.3880;0.3781;5.30;7.72;94.70;92.28
3598;0.4097;0.3880;0.3781;5.30;7.72;94.70;92.28
3599;0.4097;0.3885;0.3777;5.17;7.80;94.83;92.20
3600;0.4104;0.3828;0.3749;6.71;8.65;93.29;91.35
3601;0.4104;0.3834;0.3748;6.59;8.67;93.41;91.33
3602;0.4104;0.3836;0.3757;6.53;8.45;93.47;91.55
3603;0.4104;0.3857;0.3771;6.02;8.10;93.98;91.90
3604;0.4104;0.3856;0.3768;6.05;8.19;93.95;91.81
3605;0.4104;0.3856;0.3767;6.05;8.22;93.95;91.78
3606;0.4104;0.3854;0.3764;6.09;8.27;93.91;91.73
3607;0.4104;0.3857;0.3764;6.02;8.27;93.98;91.73
3608;0.4104;0.3857;0.3766;6.02;8.25;93.98;91.75
3609;0.4104;0.3861;0.3766;5.93;8.25;94.07;91.75
3610;0.4104;0.3856;0.3767;6.05;8.22;93.95;91.78
3611;0.4104;0.3859;0.3764;5.96;8.27;94.04;91.73
3612;0.4104;0.3857;0.3764;6.02;8.27;93.98;91.73
3613;0.4104;0.3880;0.3780;5.46;7.90;94.54;92.10
3614;0.4104;0.3880;0.3781;5.46;7.87;94.54;92.13
3615;0.4104;0.3880;0.3782;5.46;7.85;94.54;92.15
3616;0.4104;0.3872;0.3781;5.65;7.87;94.35;92.13
3617;0.4104;0.3879;0.3777;5.49;7.96;94.51;92.04
3618;0.4104;0.3880;0.3782;5.46;7.85;94.54;92.15
3619;0.4104;0.3881;0.3782;5.43;7.85;94.57;92.15
3620;0.4104;0.3883;0.3784;5.39;7.79;94.61;92.21
3621;0.4104;0.3881;0.3782;5.43;7.85;94.57;92.15
3622;0.4104;0.3883;0.3784;5.39;7.79;94.61;92.21
3623;0.4104;0.3881;0.3783;5.43;7.82;94.57;92.18
3624;0.4104;0.3881;0.3782;5.43;7.85;94.57;92.15
3625;0.4104;0.3880;0.3783;5.46;7.82;94.54;92.18
3626;0.4104;0.3885;0.3782;5.33;7.85;94.67;92.15
3627;0.4104;0.3880;0.3783;5.46;7.82;94.54;92.18
3628;0.4104;0.3879;0.3781;5.49;7.87;94.51;92.13
3629;0.4104;0.3879;0.3779;5.49;7.93;94.51;92.07
3630;0.4104;0.3881;0.3784;5.43;7.79;94.57;92.21
3631;0.4104;0.3881;0.3781;5.43;7.87;94.57;92.13
3632;0.4104;0.3881;0.3781;5.43;7.87;94.57;92.13
3633;0.4104;0.3879;0.3781;5.49;7.87;94.51;92.13
3634;0.4104;0.3876;0.3784;5.55;7.79;94.45;92.21
3635;0.4104;0.3880;0.3787;5.46;7.73;94.54;92.27
3636;0.4104;0.3879;0.3782;5.49;7.85;94.51;92.15
3637;0.4111;0.3812;0.3747;7.28;8.86;92.72;91.14
3638;0.4111;0.3814;0.3746;7.22;8.89;92.78;91.11
3639;0.4111;0.3831;0.3747;6.81;8.86;93.19;91.14
3640;0.4111;0.3830;0.3749;6.84;8.80;93.16;91.20
3641;0.4111;0.3831;0.3752;6.81;8.74;93.19;91.26
3642;0.4111;0.3862;0.3770;6.06;8.29;93.94;91.71
3643;0.4111;0.3857;0.3771;6.18;8.26;93.82;91.74
3644;0.4111;0.3859;0.3773;6.12;8.23;93.88;91.77
3645;0.4111;0.3862;0.3769;6.06;8.32;93.94;91.68
3646;0.4111;0.3858;0.3767;6.15;8.37;93.85;91.63
3647;0.4111;0.3861;0.3763;6.09;8.46;93.91;91.54
3648;0.4111;0.3859;0.3764;6.12;8.43;93.88;91.57
3649;0.4111;0.3876;0.3782;5.71;8.00;94.29;92.00
3650;0.4111;0.3879;0.3782;5.65;8.00;94.35;92.00
3651;0.4111;0.3881;0.3782;5.59;8.00;94.41;92.00
3652;0.4111;0.3876;0.3777;5.71;8.12;94.29;91.88
3653;0.4111;0.3880;0.3783;5.62;7.97;94.38;92.03
3654;0.4111;0.3876;0.3782;5.71;8.00;94.29;92.00
3655;0.4111;0.3877;0.3781;5.68;8.03;94.32;91.97
3656;0.4111;0.3877;0.3781;5.68;8.03;94.32;91.97
3657;0.4111;0.3879;0.3783;5.65;7.97;94.35;92.03
3658;0.4111;0.3879;0.3781;5.65;8.03;94.35;91.97
3659;0.4111;0.3872;0.3781;5.81;8.03;94.19;91.97
3660;0.4111;0.3880;0.3782;5.62;8.00;94.38;92.00
3661;0.4111;0.3883;0.3784;5.55;7.94;94.45;92.06
3662;0.4111;0.3885;0.3782;5.49;8.00;94.51;92.00
3663;0.4111;0.3885;0.3784;5.49;7.94;94.51;92.06
3664;0.4111;0.3884;0.3781;5.52;8.03;94.48;91.97
3665;0.4111;0.3884;0.3786;5.52;7.92;94.48;92.08
3666;0.4111;0.3879;0.3782;5.65;8.00;94.35;92.00
3667;0.4111;0.3879;0.3783;5.65;7.97;94.35;92.03
3668;0.4111;0.3880;0.3782;5.62;8.00;94.38;92.00
3669;0.4111;0.3880;0.3782;5.62;8.00;94.38;92.00
3670;0.4111;0.3876;0.3781;5.71;8.03;94.29;91.97
3671;0.4111;0.3880;0.3781;5.62;8.03;94.38;91.97
3672;0.4111;0.3880;0.3781;5.62;8.03;94.38;91.97
3673;0.4111;0.3881;0.3782;5.59;8.00;94.41;92.00
3674;0.4111;0.3880;0.3780;5.62;8.06;94.38;91.94
3675;0.4111;0.3880;0.3783;5.62;7.97;94.38;92.03
3676;0.4111;0.3881;0.3782;5.59;8.00;94.41;92.00
3677;0.4111;0.3881;0.3783;5.59;7.97;94.41;92.03
3678;0.4111;0.3881;0.3781;5.59;8.03;94.41;91.97
3679;0.4111;0.3881;0.3781;5.59;8.03;94.41;91.97
3680;0.4111;0.3881;0.3781;5.59;8.03;94.41;91.97
3681;0.4111;0.3879;0.3781;5.65;8.03;94.35;91.97
3682;0.4118;0.3800;0.3730;7.72;9.41;92.28;90.59
3683;0.4118;0.3812;0.3743;7.44;9.10;92.56;90.90
3684;0.4118;0.3813;0.3741;7.41;9.16;92.59;90.84
3685;0.4118;0.3828;0.3752;7.03;8.90;92.97;91.10
3686;0.4118;0.3828;0.3752;7.03;8.90;92.97;91.10
3687;0.4118;0.3825;0.3752;7.13;8.90;92.87;91.10
3688;0.4118;0.3837;0.3760;6.81;8.70;93.19;91.30
3689;0.4118;0.3857;0.3769;6.34;8.47;93.66;91.53
3690;0.4118;0.3861;0.3771;6.25;8.42;93.75;91.58
3691;0.4118;0.3856;0.3768;6.37;8.50;93.63;91.50
3692;0.4118;0.3859;0.3769;6.28;8.47;93.72;91.53
3693;0.4118;0.3880;0.3786;5.78;8.07;94.22;91.93
3694;0.4118;0.3881;0.3784;5.75;8.10;94.25;91.90
3695;0.4118;0.3874;0.3781;5.93;8.19;94.07;91.81
3696;0.4118;0.3881;0.3786;5.75;8.07;94.25;91.93
3697;0.4118;0.3880;0.3782;5.78;8.16;94.22;91.84
3698;0.4118;0.3879;0.3783;5.81;8.13;94.19;91.87
3699;0.4118;0.3880;0.3782;5.78;8.16;94.22;91.84
3700;0.4118;0.3880;0.3781;5.78;8.19;94.22;91.81
3701;0.4126;0.3804;0.3740;7.81;9.36;92.19;90.64
3702;0.4126;0.3809;0.3743;7.68;9.28;92.32;90.72
3703;0.4126;0.3814;0.3742;7.56;9.30;92.44;90.70
3704;0.4126;0.3813;0.3743;7.59;9.28;92.41;90.72
3705;0.4126;0.3857;0.3773;6.52;8.56;93.48;91.44
3706;0.4126;0.3857;0.3770;6.52;8.62;93.48;91.38
3707;0.4126;0.3853;0.3768;6.62;8.68;93.38;91.32
3708;0.4126;0.3870;0.3775;6.21;8.51;93.79;91.49
3709;0.4126;0.3871;0.3775;6.18;8.51;93.82;91.49
3710;0.4126;0.3874;0.3773;6.12;8.56;93.88;91.44
3711;0.4126;0.3870;0.3779;6.21;8.42;93.79;91.58
3712;0.4126;0.3875;0.3775;6.09;8.51;93.91;91.49
3713;0.4126;0.3871;0.3776;6.18;8.48;93.82;91.52
3714;0.4126;0.3871;0.3776;6.18;8.48;93.82;91.52
3715;0.4126;0.3870;0.3776;6.21;8.48;93.79;91.52
3716;0.4126;0.3871;0.3779;6.18;8.42;93.82;91.58
3717;0.4126;0.3871;0.3777;6.18;8.45;93.82;91.55
3718;0.4126;0.3872;0.3779;6.15;8.42;93.85;91.58
3719;0.4126;0.3874;0.3776;6.12;8.48;93.88;91.52
3720;0.4126;0.3872;0.3777;6.15;8.45;93.85;91.55
3721;0.4126;0.3874;0.3775;6.12;8.51;93.88;91.49
3722;0.4126;0.3868;0.3776;6.24;8.48;93.76;91.52
3723;0.4126;0.3881;0.3786;5.93;8.25;94.07;91.75
3724;0.4126;0.3879;0.3782;5.99;8.34;94.01;91.66
3725;0.4126;0.3880;0.3777;5.96;8.45;94.04;91.55
3726;0.4126;0.3879;0.3782;5.99;8.34;94.01;91.66
3727;0.4126;0.3884;0.3783;5.87;8.31;94.13;91.69
3728;0.4126;0.3877;0.3782;6.02;8.34;93.98;91.66
3729;0.4126;0.3880;0.3781;5.96;8.37;94.04;91.63
3730;0.4126;0.3883;0.3783;5.90;8.31;94.10;91.69
3731;0.4133;0.3810;0.3750;7.81;9.26;92.19;90.74
3732;0.4133;0.3830;0.3750;7.34;9.26;92.66;90.74
3733;0.4133;0.3835;0.3762;7.21;8.97;92.79;91.03
3734;0.4133;0.3856;0.3771;6.71;8.75;93.29;91.25
3735;0.4133;0.3853;0.3769;6.78;8.80;93.22;91.20
3736;0.4133;0.3852;0.3768;6.81;8.83;93.19;91.17
3737;0.4133;0.3854;0.3774;6.74;8.69;93.26;91.31
3738;0.4133;0.3857;0.3768;6.68;8.83;93.32;91.17
3739;0.4133;0.3854;0.3775;6.74;8.66;93.26;91.34
3740;0.4133;0.3854;0.3770;6.74;8.78;93.26;91.22
3741;0.4133;0.3853;0.3767;6.78;8.86;93.22;91.14
3742;0.4133;0.3871;0.3775;6.34;8.66;93.66;91.34
3743;0.4133;0.3874;0.3776;6.28;8.63;93.72;91.37
3744;0.4133;0.3874;0.3776;6.28;8.63;93.72;91.37
3745;0.4133;0.3870;0.3777;6.37;8.61;93.63;91.39
3746;0.4133;0.3872;0.3776;6.31;8.63;93.69;91.37
3747;0.4133;0.3872;0.3776;6.31;8.63;93.69;91.37
3748;0.4133;0.3871;0.3773;6.34;8.72;93.66;91.28
3749;0.4133;0.3874;0.3777;6.28;8.61;93.72;91.39
3750;0.4133;0.3872;0.3776;6.31;8.63;93.69;91.37
3751;0.4133;0.3871;0.3776;6.34;8.63;93.66;91.37
3752;0.4133;0.3872;0.3773;6.31;8.72;93.69;91.28
3753;0.4133;0.3872;0.3771;6.31;8.75;93.69;91.25
3754;0.4133;0.3872;0.3775;6.31;8.66;93.69;91.34
3755;0.4133;0.3875;0.3774;6.25;8.69;93.75;91.31
3756;0.4133;0.3870;0.3783;6.37;8.46;93.63;91.54
3757;0.4133;0.3870;0.3780;6.37;8.55;93.63;91.45
3758;0.4133;0.3871;0.3777;6.34;8.61;93.66;91.39
3759;0.4133;0.3872;0.3773;6.31;8.72;93.69;91.28
3760;0.4133;0.3874;0.3775;6.28;8.66;93.72;91.34
3761;0.4133;0.3874;0.3779;6.28;8.58;93.72;91.42
3762;0.4133;0.3874;0.3777;6.28;8.61;93.72;91.39
3763;0.4133;0.3871;0.3775;6.34;8.66;93.66;91.34
3764;0.4133;0.3876;0.3777;6.21;8.61;93.79;91.39
3765;0.4133;0.3871;0.3777;6.34;8.61;93.66;91.39
3766;0.4133;0.3871;0.3779;6.34;8.58;93.66;91.42
3767;0.4133;0.3871;0.3779;6.34;8.58;93.66;91.42
3768;0.4133;0.3872;0.3776;6.31;8.63;93.69;91.37
3769;0.4133;0.3872;0.3779;6.31;8.58;93.69;91.42
3770;0.4133;0.3872;0.3777;6.31;8.61;93.69;91.39
3771;0.4133;0.3872;0.3776;6.31;8.63;93.69;91.37
3772;0.4133;0.3871;0.3776;6.34;8.63;93.66;91.37
3773;0.4133;0.3875;0.3770;6.25;8.78;93.75;91.22
3774;0.4133;0.3874;0.3777;6.28;8.61;93.72;91.39
3775;0.4133;0.3871;0.3781;6.34;8.52;93.66;91.48
3776;0.4133;0.3881;0.3783;6.09;8.46;93.91;91.54
3777;0.4133;0.3883;0.3784;6.06;8.43;93.94;91.57
3778;0.4133;0.3881;0.3784;6.09;8.43;93.91;91.57
3779;0.4133;0.3883;0.3782;6.06;8.49;93.94;91.51
3780;0.4133;0.3876;0.3784;6.21;8.43;93.79;91.57
3781;0.4133;0.3880;0.3781;6.12;8.52;93.88;91.48
3782;0.4133;0.3881;0.3783;6.09;8.46;93.91;91.54
3783;0.4133;0.3881;0.3783;6.09;8.46;93.91;91.54
3784;0.4133;0.3877;0.3782;6.18;8.49;93.82;91.51
3785;0.4133;0.3881;0.3784;6.09;8.43;93.91;91.57
3786;0.4133;0.3881;0.3782;6.09;8.49;93.91;91.51
3787;0.4133;0.3880;0.3783;6.12;8.46;93.88;91.54
3788;0.4133;0.3883;0.3781;6.06;8.52;93.94;91.48
3789;0.4133;0.3877;0.3780;6.18;8.55;93.82;91.45
3790;0.4133;0.3880;0.3783;6.12;8.46;93.88;91.54
3791;0.4133;0.3881;0.3782;6.09;8.49;93.91;91.51
3792;0.4133;0.3883;0.3784;6.06;8.43;93.94;91.57
3793;0.4133;0.3883;0.3783;6.06;8.46;93.94;91.54
3794;0.4133;0.3881;0.3783;6.09;8.46;93.91;91.54
3795;0.4140;0.3827;0.3749;7.56;9.44;92.44;90.56
3796;0.4140;0.3831;0.3748;7.46;9.47;92.54;90.53
3797;0.4140;0.3852;0.3769;6.96;8.96;93.04;91.04
3798;0.4140;0.3852;0.3770;6.96;8.93;93.04;91.07
3799;0.4140;0.3854;0.3764;6.90;9.07;93.10;90.93
3800;0.4140;0.3854;0.3769;6.90;8.96;93.10;91.04
3801;0.4140;0.3853;0.3767;6.93;9.02;93.07;90.98
3802;0.4140;0.3853;0.3768;6.93;8.99;93.07;91.01
3803;0.4140;0.3853;0.3769;6.93;8.96;93.07;91.04
3804;0.4140;0.3848;0.3770;7.06;8.93;92.94;91.07
3805;0.4140;0.3854;0.3766;6.90;9.04;93.10;90.96
3806;0.4140;0.3856;0.3768;6.87;8.99;93.13;91.01
3807;0.4140;0.3870;0.3775;6.53;8.82;93.47;91.18
3808;0.4140;0.3872;0.3770;6.47;8.93;93.53;91.07
3809;0.4140;0.3868;0.3776;6.56;8.79;93.44;91.21
3810;0.4140;0.3871;0.3776;6.50;8.79;93.50;91.21
3811;0.4140;0.3872;0.3779;6.47;8.73;93.53;91.27
3812;0.4140;0.3874;0.3780;6.43;8.70;93.57;91.30
3813;0.4140;0.3868;0.3774;6.56;8.85;93.44;91.15
3814;0.4140;0.3871;0.3774;6.50;8.85;93.50;91.15
3815;0.4140;0.3875;0.3777;6.40;8.76;93.60;91.24
3816;0.4140;0.3872;0.3777;6.47;8.76;93.53;91.24
3817;0.4140;0.3874;0.3774;6.43;8.85;93.57;91.15
3818;0.4140;0.3875;0.3776;6.40;8.79;93.60;91.21
3819;0.4140;0.3875;0.3776;6.40;8.79;93.60;91.21
3820;0.4140;0.3874;0.3777;6.43;8.76;93.57;91.24
3821;0.4140;0.3870;0.3771;6.53;8.90;93.47;91.10
3822;0.4140;0.3872;0.3775;6.47;8.82;93.53;91.18
3823;0.4140;0.3867;0.3775;6.59;8.82;93.41;91.18
3824;0.4140;0.3870;0.3777;6.53;8.76;93.47;91.24
3825;0.4140;0.3874;0.3781;6.43;8.67;93.57;91.33
3826;0.4140;0.3872;0.3779;6.47;8.73;93.53;91.27
3827;0.4140;0.3880;0.3783;6.28;8.62;93.72;91.38
3828;0.4140;0.3883;0.3782;6.22;8.65;93.78;91.35
3829;0.4140;0.3881;0.3779;6.25;8.73;93.75;91.27
3830;0.4140;0.3883;0.3783;6.22;8.62;93.78;91.38
3831;0.4140;0.3884;0.3783;6.19;8.62;93.81;91.38
3832;0.4140;0.3881;0.3786;6.25;8.56;93.75;91.44
3833;0.4140;0.3881;0.3787;6.25;8.53;93.75;91.47
3834;0.4140;0.3881;0.3780;6.25;8.70;93.75;91.30
3835;0.4140;0.3881;0.3783;6.25;8.62;93.75;91.38
3836;0.4140;0.3884;0.3783;6.19;8.62;93.81;91.38
3837;0.4140;0.3881;0.3783;6.25;8.62;93.75;91.38
3838;0.4140;0.3884;0.3782;6.19;8.65;93.81;91.35
3839;0.4140;0.3885;0.3780;6.15;8.70;93.85;91.30
3840;0.4140;0.3881;0.3780;6.25;8.70;93.75;91.30
3841;0.4147;0.3827;0.3746;7.71;9.68;92.29;90.32
3842;0.4147;0.3828;0.3749;7.68;9.59;92.32;90.41
3843;0.4147;0.3825;0.3749;7.78;9.59;92.22;90.41
3844;0.4147;0.3828;0.3754;7.68;9.48;92.32;90.52
3845;0.4147;0.3852;0.3766;7.12;9.20;92.88;90.80
3846;0.4147;0.3859;0.3775;6.93;8.97;93.07;91.03
3847;0.4147;0.3852;0.3768;7.12;9.14;92.88;90.86
3848;0.4147;0.3854;0.3768;7.06;9.14;92.94;90.86
3849;0.4147;0.3852;0.3769;7.12;9.11;92.88;90.89
3850;0.4147;0.3853;0.3769;7.09;9.11;92.91;90.89
3851;0.4147;0.3857;0.3770;7.00;9.08;93.00;90.92
3852;0.4147;0.3853;0.3770;7.09;9.08;92.91;90.92
3853;0.4147;0.3854;0.3773;7.06;9.03;92.94;90.97
3854;0.4147;0.3854;0.3771;7.06;9.06;92.94;90.94
3855;0.4147;0.3850;0.3767;7.15;9.17;92.85;90.83
3856;0.4147;0.3854;0.3766;7.06;9.20;92.94;90.80
3857;0.4147;0.3857;0.3767;7.00;9.17;93.00;90.83
3858;0.4147;0.3871;0.3776;6.65;8.94;93.35;91.06
3859;0.4147;0.3872;0.3777;6.62;8.91;93.38;91.09
3860;0.4147;0.3872;0.3776;6.62;8.94;93.38;91.06
3861;0.4147;0.3867;0.3774;6.75;9.00;93.25;91.00
3862;0.4147;0.3872;0.3777;6.62;8.91;93.38;91.09
3863;0.4147;0.3872;0.3777;6.62;8.91;93.38;91.09
3864;0.4147;0.3870;0.3775;6.69;8.97;93.31;91.03
3865;0.4147;0.3874;0.3777;6.59;8.91;93.41;91.09
3866;0.4147;0.3870;0.3775;6.69;8.97;93.31;91.03
3867;0.4147;0.3871;0.3777;6.65;8.91;93.35;91.09
3868;0.4147;0.3871;0.3775;6.65;8.97;93.35;91.03
3869;0.4147;0.3868;0.3776;6.72;8.94;93.28;91.06
3870;0.4147;0.3874;0.3776;6.59;8.94;93.41;91.06
3871;0.4147;0.3875;0.3780;6.56;8.86;93.44;91.14
3872;0.4147;0.3881;0.3788;6.41;8.66;93.59;91.34
3873;0.4147;0.3879;0.3783;6.47;8.77;93.53;91.23
3874;0.4147;0.3885;0.3781;6.31;8.83;93.69;91.17
3875;0.4147;0.3885;0.3781;6.31;8.83;93.69;91.17
3876;0.4147;0.3880;0.3780;6.44;8.86;93.56;91.14
3877;0.4147;0.3885;0.3780;6.31;8.86;93.69;91.14
3878;0.4147;0.3881;0.3776;6.41;8.94;93.59;91.06
3879;0.4147;0.3881;0.3782;6.41;8.80;93.59;91.20
3880;0.4147;0.3881;0.3784;6.41;8.74;93.59;91.26
3881;0.4147;0.3877;0.3783;6.50;8.77;93.50;91.23
3882;0.4147;0.3881;0.3782;6.41;8.80;93.59;91.20
3883;0.4147;0.3880;0.3781;6.44;8.83;93.56;91.17
3884;0.4147;0.3877;0.3783;6.50;8.77;93.50;91.23
3885;0.4147;0.3880;0.3783;6.44;8.77;93.56;91.23
3886;0.4147;0.3881;0.3787;6.41;8.69;93.59;91.31
3887;0.4147;0.3880;0.3783;6.44;8.77;93.56;91.23
3888;0.4147;0.3880;0.3784;6.44;8.74;93.56;91.26
3889;0.4147;0.3881;0.3783;6.41;8.77;93.59;91.23
3890;0.4147;0.3883;0.3783;6.37;8.77;93.63;91.23
3891;0.4147;0.3879;0.3783;6.47;8.77;93.53;91.23
3892;0.4147;0.3883;0.3782;6.37;8.80;93.63;91.20
3893;0.4155;0.3819;0.3748;8.08;9.80;91.92;90.20
3894;0.4155;0.3828;0.3752;7.86;9.71;92.14;90.29
3895;0.4155;0.3826;0.3752;7.92;9.71;92.08;90.29
3896;0.4155;0.3853;0.3770;7.27;9.26;92.73;90.74
3897;0.4155;0.3852;0.3773;7.30;9.20;92.70;90.80
3898;0.4155;0.3849;0.3774;7.36;9.17;92.64;90.83
3899;0.4155;0.3850;0.3770;7.33;9.26;92.67;90.74
3900;0.4155;0.3852;0.3768;7.30;9.32;92.70;90.68
3901;0.4155;0.3852;0.3766;7.30;9.37;92.70;90.63
3902;0.4155;0.3852;0.3769;7.30;9.29;92.70;90.71
3903;0.4155;0.3853;0.3769;7.27;9.29;92.73;90.71
3904;0.4155;0.3854;0.3770;7.24;9.26;92.76;90.74
3905;0.4155;0.3850;0.3767;7.33;9.34;92.67;90.66
3906;0.4155;0.3853;0.3770;7.27;9.26;92.73;90.74
3907;0.4155;0.3856;0.3769;7.21;9.29;92.79;90.71
3908;0.4155;0.3857;0.3766;7.18;9.37;92.82;90.63
3909;0.4155;0.3856;0.3768;7.21;9.32;92.79;90.68
3910;0.4155;0.3856;0.3774;7.21;9.17;92.79;90.83
3911;0.4155;0.3858;0.3769;7.15;9.29;92.85;90.71
3912;0.4155;0.3854;0.3771;7.24;9.23;92.76;90.77
3913;0.4155;0.3872;0.3779;6.80;9.06;93.20;90.94
3914;0.4155;0.3879;0.3774;6.65;9.17;93.35;90.83
3915;0.4155;0.3868;0.3776;6.90;9.12;93.10;90.88
3916;0.4155;0.3872;0.3777;6.80;9.09;93.20;90.91
3917;0.4155;0.3875;0.3776;6.74;9.12;93.26;90.88
3918;0.4155;0.3872;0.3779;6.80;9.06;93.20;90.94
3919;0.4155;0.3874;0.3776;6.77;9.12;93.23;90.88
3920;0.4155;0.3872;0.3779;6.80;9.06;93.20;90.94
3921;0.4155;0.3874;0.3779;6.77;9.06;93.23;90.94
3922;0.4155;0.3871;0.3774;6.83;9.17;93.17;90.83
3923;0.4155;0.3874;0.3780;6.77;9.03;93.23;90.97
3924;0.4155;0.3872;0.3779;6.80;9.06;93.20;90.94
3925;0.4155;0.3872;0.3773;6.80;9.20;93.20;90.80
3926;0.4155;0.3870;0.3780;6.87;9.03;93.13;90.97
3927;0.4155;0.3871;0.3779;6.83;9.06;93.17;90.94
3928;0.4155;0.3865;0.3781;6.99;9.00;93.01;91.00
3929;0.4155;0.3874;0.3781;6.77;9.00;93.23;91.00
3930;0.4155;0.3881;0.3781;6.59;9.00;93.41;91.00
3931;0.4155;0.3877;0.3782;6.68;8.98;93.32;91.02
3932;0.4155;0.3879;0.3780;6.65;9.03;93.35;90.97
3933;0.4155;0.3879;0.3783;6.65;8.95;93.35;91.05
3934;0.4155;0.3879;0.3781;6.65;9.00;93.35;91.00
3935;0.4155;0.3875;0.3777;6.74;9.09;93.26;90.91
3936;0.4155;0.3879;0.3782;6.65;8.98;93.35;91.02
3937;0.4155;0.3879;0.3780;6.65;9.03;93.35;90.97
3938;0.4155;0.3877;0.3779;6.68;9.06;93.32;90.94
3939;0.4155;0.3877;0.3782;6.68;8.98;93.32;91.02
3940;0.4155;0.3881;0.3781;6.59;9.00;93.41;91.00
3941;0.4155;0.3879;0.3784;6.65;8.92;93.35;91.08
3942;0.4155;0.3880;0.3780;6.62;9.03;93.38;90.97
3943;0.4155;0.3880;0.3784;6.62;8.92;93.38;91.08
3944;0.4155;0.3875;0.3782;6.74;8.98;93.26;91.02
3945;0.4155;0.3883;0.3783;6.56;8.95;93.44;91.05
3946;0.4155;0.3879;0.3782;6.65;8.98;93.35;91.02
3947;0.4155;0.3875;0.3781;6.74;9.00;93.26;91.00
3948;0.4155;0.3879;0.3780;6.65;9.03;93.35;90.97
3949;0.4155;0.3881;0.3780;6.59;9.03;93.41;90.97
3950;0.4155;0.3879;0.3782;6.65;8.98;93.35;91.02
3951;0.4155;0.3879;0.3782;6.65;8.98;93.35;91.02
3952;0.4155;0.3880;0.3783;6.62;8.95;93.38;91.05
3953;0.4155;0.3879;0.3782;6.65;8.98;93.35;91.02
3954;0.4155;0.3876;0.3782;6.71;8.98;93.29;91.02
3955;0.4155;0.3877;0.3780;6.68;9.03;93.32;90.97
3956;0.4155;0.3879;0.3783;6.65;8.95;93.35;91.05
3957;0.4155;0.3887;0.3784;6.46;8.92;93.54;91.08
3958;0.4155;0.3883;0.3783;6.56;8.95;93.44;91.05
3959;0.4155;0.3881;0.3783;6.59;8.95;93.41;91.05
3960;0.4155;0.3881;0.3784;6.59;8.92;93.41;91.08
3961;0.4155;0.3879;0.3783;6.65;8.95;93.35;91.05
3962;0.4155;0.3883;0.3782;6.56;8.98;93.44;91.02
3963;0.4155;0.3883;0.3783;6.56;8.95;93.44;91.05
3964;0.4155;0.3881;0.3783;6.59;8.95;93.41;91.05
3965;0.4155;0.3881;0.3781;6.59;9.00;93.41;91.00
3966;0.4155;0.3881;0.3783;6.59;8.95;93.41;91.05
3967;0.4155;0.3880;0.3780;6.62;9.03;93.38;90.97
3968;0.4155;0.3881;0.3780;6.59;9.03;93.41;90.97
3969;0.4162;0.3827;0.3748;8.05;9.95;91.95;90.05
3970;0.4162;0.3826;0.3752;8.08;9.86;91.92;90.14
3971;0.4162;0.3828;0.3752;8.01;9.86;91.99;90.14
3972;0.4162;0.3852;0.3768;7.46;9.47;92.54;90.53
3973;0.4162;0.3850;0.3768;7.49;9.47;92.51;90.53
3974;0.4162;0.3856;0.3770;7.36;9.41;92.64;90.59
3975;0.4162;0.3854;0.3770;7.39;9.41;92.61;90.59
3976;0.4162;0.3852;0.3769;7.46;9.44;92.54;90.56
3977;0.4162;0.3850;0.3771;7.49;9.38;92.51;90.62
3978;0.4162;0.3859;0.3769;7.27;9.44;92.73;90.56
3979;0.4162;0.3850;0.3766;7.49;9.52;92.51;90.48
3980;0.4162;0.3853;0.3771;7.43;9.38;92.57;90.62
3981;0.4162;0.3854;0.3769;7.39;9.44;92.61;90.56
3982;0.4162;0.3853;0.3769;7.43;9.44;92.57;90.56
3983;0.4162;0.3853;0.3769;7.43;9.44;92.57;90.56
3984;0.4162;0.3857;0.3770;7.33;9.41;92.67;90.59
3985;0.4162;0.3856;0.3768;7.36;9.47;92.64;90.53
3986;0.4162;0.3852;0.3769;7.46;9.44;92.54;90.56
3987;0.4162;0.3872;0.3779;6.96;9.21;93.04;90.79
3988;0.4162;0.3871;0.3777;6.99;9.24;93.01;90.76
3989;0.4162;0.3871;0.3779;6.99;9.21;93.01;90.79
3990;0.4162;0.3870;0.3776;7.02;9.27;92.98;90.73
3991;0.4162;0.3874;0.3776;6.93;9.27;93.07;90.73
3992;0.4162;0.3875;0.3776;6.90;9.27;93.10;90.73
3993;0.4162;0.3875;0.3776;6.90;9.27;93.10;90.73
3994;0.4162;0.3876;0.3775;6.87;9.30;93.13;90.70
3995;0.4162;0.3870;0.3779;7.02;9.21;92.98;90.79
3996;0.4162;0.3875;0.3780;6.90;9.19;93.10;90.81
3997;0.4162;0.3876;0.3782;6.87;9.13;93.13;90.87
3998;0.4162;0.3874;0.3781;6.93;9.16;93.07;90.84
3999;0.4162;0.3880;0.3782;6.77;9.13;93.23;90.87
4000;0.4162;0.3879;0.3781;6.81;9.16;93.19;90.84
4001;0.4162;0.3881;0.3783;6.74;9.10;93.26;90.90
4002;0.4162;0.3876;0.3786;6.87;9.04;93.13;90.96
4003;0.4162;0.3879;0.3784;6.81;9.07;93.19;90.93
4004;0.4162;0.3876;0.3781;6.87;9.16;93.13;90.84
4005;0.4162;0.3880;0.3782;6.77;9.13;93.23;90.87
4006;0.4162;0.3876;0.3782;6.87;9.13;93.13;90.87
4007;0.4162;0.3883;0.3780;6.71;9.19;93.29;90.81
4008;0.4162;0.3879;0.3776;6.81;9.27;93.19;90.73
4009;0.4162;0.3875;0.3784;6.90;9.07;93.10;90.93
4010;0.4162;0.3877;0.3783;6.84;9.10;93.16;90.90
4011;0.4162;0.3881;0.3780;6.74;9.19;93.26;90.81
4012;0.4162;0.3876;0.3782;6.87;9.13;93.13;90.87
4013;0.4162;0.3877;0.3781;6.84;9.16;93.16;90.84
4014;0.4162;0.3877;0.3782;6.84;9.13;93.16;90.87
4015;0.4162;0.3879;0.3782;6.81;9.13;93.19;90.87
4016;0.4162;0.3881;0.3780;6.74;9.19;93.26;90.81
4017;0.4162;0.3877;0.3781;6.84;9.16;93.16;90.84
4018;0.4162;0.3879;0.3786;6.81;9.04;93.19;90.96
4019;0.4162;0.3876;0.3781;6.87;9.16;93.13;90.84
4020;0.4162;0.3881;0.3777;6.74;9.24;93.26;90.76
4021;0.4162;0.3881;0.3781;6.74;9.16;93.26;90.84
4022;0.4162;0.3880;0.3782;6.77;9.13;93.23;90.87
4023;0.4162;0.3881;0.3783;6.74;9.10;93.26;90.90
4024;0.4162;0.3881;0.3780;6.74;9.19;93.26;90.81
4025;0.4162;0.3881;0.3780;6.74;9.19;93.26;90.81
4026;0.4162;0.3881;0.3783;6.74;9.10;93.26;90.90
4027;0.4162;0.3880;0.3782;6.77;9.13;93.23;90.87
4028;0.4162;0.3880;0.3784;6.77;9.07;93.23;90.93
4029;0.4162;0.3883;0.3780;6.71;9.19;93.29;90.81
4030;0.4162;0.3876;0.3786;6.87;9.04;93.13;90.96
4031;0.4162;0.3880;0.3784;6.77;9.07;93.23;90.93
4032;0.4162;0.3879;0.3783;6.81;9.10;93.19;90.90
4033;0.4162;0.3883;0.3786;6.71;9.04;93.29;90.96
4034;0.4162;0.3884;0.3780;6.68;9.19;93.32;90.81
4035;0.4162;0.3881;0.3783;6.74;9.10;93.26;90.90
4036;0.4162;0.3887;0.3782;6.62;9.13;93.38;90.87
4037;0.4162;0.3883;0.3781;6.71;9.16;93.29;90.84
4038;0.4162;0.3883;0.3781;6.71;9.16;93.29;90.84
4039;0.4162;0.3879;0.3782;6.81;9.13;93.19;90.87
4040;0.4162;0.3880;0.3781;6.77;9.16;93.23;90.84
4041;0.4162;0.3881;0.3782;6.74;9.13;93.26;90.87
4042;0.4162;0.3879;0.3783;6.81;9.10;93.19;90.90
4043;0.4162;0.3884;0.3786;6.68;9.04;93.32;90.96
4044;0.4162;0.3883;0.3784;6.71;9.07;93.29;90.93
4045;0.4162;0.3880;0.3784;6.77;9.07;93.23;90.93
4046;0.4162;0.3879;0.3786;6.81;9.04;93.19;90.96
4047;0.4162;0.3884;0.3786;6.68;9.04;93.32;90.96
4048;0.4162;0.3881;0.3782;6.74;9.13;93.26;90.87
4049;0.4162;0.3881;0.3782;6.74;9.13;93.26;90.87
4050;0.4162;0.3884;0.3783;6.68;9.10;93.32;90.90
4051;0.4162;0.3883;0.3783;6.71;9.10;93.29;90.90
4052;0.4162;0.3876;0.3786;6.87;9.04;93.13;90.96
4053;0.4162;0.3884;0.3784;6.68;9.07;93.32;90.93
4054;0.4162;0.3879;0.3783;6.81;9.10;93.19;90.90
4055;0.4169;0.3828;0.3750;8.17;10.04;91.83;89.96
4056;0.4169;0.3852;0.3770;7.61;9.56;92.39;90.44
4057;0.4169;0.3853;0.3770;7.58;9.56;92.42;90.44
4058;0.4169;0.3849;0.3770;7.67;9.56;92.33;90.44
4059;0.4169;0.3872;0.3774;7.12;9.48;92.88;90.52
4060;0.4169;0.3871;0.3777;7.15;9.39;92.85;90.61
4061;0.4169;0.3871;0.3776;7.15;9.42;92.85;90.58
4062;0.4169;0.3871;0.3779;7.15;9.37;92.85;90.63
4063;0.4169;0.3872;0.3777;7.12;9.39;92.88;90.61
4064;0.4169;0.3875;0.3777;7.05;9.39;92.95;90.61
4065;0.4169;0.3875;0.3780;7.05;9.34;92.95;90.66
4066;0.4169;0.3877;0.3783;6.99;9.25;93.01;90.75
4067;0.4169;0.3877;0.3782;6.99;9.28;93.01;90.72
4068;0.4169;0.3877;0.3782;6.99;9.28;93.01;90.72
4069;0.4169;0.3877;0.3782;6.99;9.28;93.01;90.72
4070;0.4169;0.3880;0.3782;6.93;9.28;93.07;90.72
4071;0.4169;0.3877;0.3787;6.99;9.17;93.01;90.83
4072;0.4169;0.3879;0.3781;6.96;9.31;93.04;90.69
4073;0.4169;0.3880;0.3783;6.93;9.25;93.07;90.75
4074;0.4169;0.3880;0.3784;6.93;9.23;93.07;90.77
4075;0.4169;0.3880;0.3784;6.93;9.23;93.07;90.77
4076;0.4169;0.3889;0.3782;6.71;9.28;93.29;90.72
4077;0.4169;0.3881;0.3782;6.90;9.28;93.10;90.72
4078;0.4169;0.3883;0.3783;6.87;9.25;93.13;90.75
4079;0.4169;0.3880;0.3783;6.93;9.25;93.07;90.75
4080;0.4169;0.3880;0.3782;6.93;9.28;93.07;90.72
4081;0.4169;0.3881;0.3782;6.90;9.28;93.10;90.72
4082;0.4169;0.3883;0.3783;6.87;9.25;93.13;90.75
4083;0.4169;0.3883;0.3783;6.87;9.25;93.13;90.75
4084;0.4169;0.3880;0.3782;6.93;9.28;93.07;90.72
4085;0.4169;0.3884;0.3781;6.84;9.31;93.16;90.69
4086;0.4169;0.3880;0.3782;6.93;9.28;93.07;90.72
4087;0.4169;0.3880;0.3784;6.93;9.23;93.07;90.77
4088;0.4169;0.3877;0.3782;6.99;9.28;93.01;90.72
4089;0.4169;0.3881;0.3783;6.90;9.25;93.10;90.75
4090;0.4169;0.3883;0.3782;6.87;9.28;93.13;90.72
4091;0.4169;0.3883;0.3783;6.87;9.25;93.13;90.75
4092;0.4169;0.3883;0.3783;6.87;9.25;93.13;90.75
4093;0.4169;0.3884;0.3783;6.84;9.25;93.16;90.75
4094;0.4169;0.3880;0.3782;6.93;9.28;93.07;90.72
4095;0.4169;0.3884;0.3782;6.84;9.28;93.16;90.72
4096;0.4169;0.3884;0.3782;6.84;9.28;93.16;90.72
4097;0.4169;0.3877;0.3783;6.99;9.25;93.01;90.75
4098;0.4169;0.3883;0.3783;6.87;9.25;93.13;90.75
4099;0.4169;0.3881;0.3786;6.90;9.20;93.10;90.80
4100;0.4169;0.3880;0.3782;6.93;9.28;93.07;90.72
4101;0.4169;0.3881;0.3783;6.90;9.25;93.10;90.75
4102;0.4169;0.3881;0.3781;6.90;9.31;93.10;90.69
4103;0.4169;0.3879;0.3783;6.96;9.25;93.04;90.75
4104;0.4169;0.3879;0.3783;6.96;9.25;93.04;90.75
4105;0.4169;0.3884;0.3783;6.84;9.25;93.16;90.75
4106;0.4169;0.3881;0.3783;6.90;9.25;93.10;90.75
4107;0.4169;0.3881;0.3783;6.90;9.25;93.10;90.75
4108;0.4169;0.3883;0.3781;6.87;9.31;93.13;90.69
4109;0.4169;0.3883;0.3783;6.87;9.25;93.13;90.75
4110;0.4169;0.3881;0.3783;6.90;9.25;93.10;90.75
4111;0.4176;0.3828;0.3749;8.32;10.22;91.68;89.78
4112;0.4176;0.3837;0.3761;8.11;9.94;91.89;90.06
4113;0.4176;0.3854;0.3770;7.70;9.72;92.30;90.28
4114;0.4176;0.3853;0.3775;7.74;9.60;92.26;90.40
4115;0.4176;0.3852;0.3770;7.77;9.72;92.23;90.28
4116;0.4176;0.3852;0.3767;7.77;9.80;92.23;90.20
4117;0.4176;0.3871;0.3777;7.30;9.55;92.70;90.45
4118;0.4176;0.3874;0.3777;7.24;9.55;92.76;90.45
4119;0.4176;0.3871;0.3776;7.30;9.57;92.70;90.43
4120;0.4176;0.3872;0.3780;7.27;9.49;92.73;90.51
4121;0.4176;0.3874;0.3781;7.24;9.46;92.76;90.54
4122;0.4176;0.3876;0.3786;7.18;9.35;92.82;90.65
4123;0.4176;0.3875;0.3780;7.21;9.49;92.79;90.51
4124;0.4176;0.3875;0.3779;7.21;9.52;92.79;90.48
4125;0.4176;0.3876;0.3781;7.18;9.46;92.82;90.54
4126;0.4176;0.3877;0.3784;7.15;9.38;92.85;90.62
4127;0.4176;0.3877;0.3781;7.15;9.46;92.85;90.54
4128;0.4176;0.3880;0.3784;7.09;9.38;92.91;90.62
4129;0.4176;0.3883;0.3783;7.03;9.41;92.97;90.59
4130;0.4176;0.3881;0.3783;7.06;9.41;92.94;90.59
4131;0.4176;0.3877;0.3780;7.15;9.49;92.85;90.51
4132;0.4176;0.3881;0.3781;7.06;9.46;92.94;90.54
4133;0.4176;0.3885;0.3783;6.96;9.41;93.04;90.59
4134;0.4176;0.3884;0.3783;6.99;9.41;93.01;90.59
4135;0.4176;0.3881;0.3783;7.06;9.41;92.94;90.59
4136;0.4176;0.3881;0.3783;7.06;9.41;92.94;90.59
4137;0.4176;0.3880;0.3786;7.09;9.35;92.91;90.65
4138;0.4176;0.3883;0.3783;7.03;9.41;92.97;90.59
4139;0.4176;0.3880;0.3779;7.09;9.52;92.91;90.48
4140;0.4176;0.3879;0.3783;7.12;9.41;92.88;90.59
4141;0.4176;0.3881;0.3782;7.06;9.43;92.94;90.57
4142;0.4176;0.3875;0.3779;7.21;9.52;92.79;90.48
4143;0.4176;0.3875;0.3786;7.21;9.35;92.79;90.65
4144;0.4176;0.3883;0.3782;7.03;9.43;92.97;90.57
4145;0.4176;0.3881;0.3781;7.06;9.46;92.94;90.54
4146;0.4176;0.3881;0.3780;7.06;9.49;92.94;90.51
4147;0.4176;0.3880;0.3783;7.09;9.41;92.91;90.59
4148;0.4176;0.3883;0.3783;7.03;9.41;92.97;90.59
4149;0.4176;0.3881;0.3783;7.06;9.41;92.94;90.59
4150;0.4176;0.3880;0.3783;7.09;9.41;92.91;90.59
4151;0.4176;0.3881;0.3780;7.06;9.49;92.94;90.51
4152;0.4176;0.3884;0.3783;6.99;9.41;93.01;90.59
4153;0.4176;0.3881;0.3783;7.06;9.41;92.94;90.59
4154;0.4176;0.3881;0.3782;7.06;9.43;92.94;90.57
4155;0.4176;0.3885;0.3782;6.96;9.43;93.04;90.57
4156;0.4176;0.3884;0.3783;6.99;9.41;93.01;90.59
4157;0.4176;0.3880;0.3779;7.09;9.52;92.91;90.48
4158;0.4176;0.3881;0.3782;7.06;9.43;92.94;90.57
4159;0.4176;0.3883;0.3783;7.03;9.41;92.97;90.59
4160;0.4184;0.3852;0.3774;7.94;9.80;92.06;90.20
4161;0.4184;0.3852;0.3770;7.94;9.89;92.06;90.11
4162;0.4184;0.3850;0.3767;7.97;9.97;92.03;90.03
4163;0.4184;0.3874;0.3779;7.42;9.69;92.58;90.31
4164;0.4184;0.3871;0.3777;7.48;9.72;92.52;90.28
4165;0.4184;0.3876;0.3780;7.36;9.66;92.64;90.34
4166;0.4184;0.3879;0.3781;7.30;9.64;92.70;90.36
4167;0.4184;0.3875;0.3781;7.39;9.64;92.61;90.36
4168;0.4184;0.3874;0.3780;7.42;9.66;92.58;90.34
4169;0.4184;0.3881;0.3783;7.23;9.58;92.77;90.42
4170;0.4184;0.3881;0.3781;7.23;9.64;92.77;90.36
4171;0.4184;0.3881;0.3783;7.23;9.58;92.77;90.42
4172;0.4184;0.3880;0.3783;7.26;9.58;92.74;90.42
4173;0.4184;0.3877;0.3786;7.33;9.52;92.67;90.48
4174;0.4184;0.3881;0.3784;7.23;9.55;92.77;90.45
4175;0.4184;0.3881;0.3786;7.23;9.52;92.77;90.48
4176;0.4191;0.3848;0.3771;8.19;10.01;91.81;89.99
4177;0.4191;0.3853;0.3771;8.07;10.01;91.93;89.99
4178;0.4191;0.3847;0.3771;8.22;10.01;91.78;89.99
4179;0.4191;0.3874;0.3777;7.57;9.87;92.43;90.13
4180;0.4191;0.3872;0.3777;7.60;9.87;92.40;90.13
4181;0.4191;0.3868;0.3776;7.70;9.90;92.30;90.10
4182;0.4191;0.3872;0.3775;7.60;9.93;92.40;90.07
4183;0.4191;0.3875;0.3777;7.54;9.87;92.46;90.13
4184;0.4191;0.3879;0.3781;7.45;9.79;92.55;90.21
4185;0.4191;0.3872;0.3783;7.60;9.73;92.40;90.27
4186;0.4191;0.3875;0.3777;7.54;9.87;92.46;90.13
4187;0.4191;0.3877;0.3781;7.48;9.79;92.52;90.21
4188;0.4191;0.3880;0.3781;7.42;9.79;92.58;90.21
4189;0.4191;0.3883;0.3782;7.36;9.76;92.64;90.24
4190;0.4191;0.3877;0.3784;7.48;9.70;92.52;90.30
4191;0.4191;0.3881;0.3781;7.39;9.79;92.61;90.21
4192;0.4198;0.3852;0.3767;8.25;10.27;91.75;89.73
4193;0.4198;0.3850;0.3771;8.28;10.16;91.72;89.84
4194;0.4198;0.3850;0.3769;8.28;10.22;91.72;89.78
4195;0.4198;0.3875;0.3774;7.70;10.10;92.30;89.90
4196;0.4198;0.3881;0.3786;7.54;9.82;92.46;90.18
4197;0.4198;0.3884;0.3783;7.48;9.88;92.52;90.12
4198;0.4198;0.3880;0.3781;7.57;9.94;92.43;90.06
4199;0.4198;0.3879;0.3783;7.60;9.88;92.40;90.12
4200;0.4206;0.3850;0.3768;8.46;10.42;91.54;89.58
4201;0.4206;0.3853;0.3767;8.39;10.44;91.61;89.56
4202;0.4206;0.3852;0.3767;8.42;10.44;91.58;89.56
4203;0.4206;0.3877;0.3780;7.81;10.14;92.19;89.86
4204;0.4206;0.3877;0.3786;7.81;10.00;92.19;90.00
4205;0.4206;0.3877;0.3783;7.81;10.05;92.19;89.95
4206;0.4206;0.3877;0.3777;7.81;10.19;92.19;89.81
4207;0.4206;0.3880;0.3783;7.75;10.05;92.25;89.95
4208;0.4206;0.3881;0.3780;7.72;10.14;92.28;89.86
4209;0.4213;0.3850;0.3767;8.61;10.59;91.39;89.41
4210;0.4213;0.3848;0.3767;8.67;10.59;91.33;89.41
4211;0.4213;0.3848;0.3769;8.67;10.54;91.33;89.46
4212;0.4213;0.3876;0.3780;7.99;10.29;92.01;89.71
4213;0.4213;0.3877;0.3781;7.96;10.26;92.04;89.74
4214;0.4213;0.3876;0.3775;7.99;10.40;92.01;89.60
4215;0.4213;0.3875;0.3781;8.03;10.26;91.97;89.74
4216;0.4213;0.3876;0.3782;7.99;10.23;92.01;89.77
4217;0.4213;0.3879;0.3781;7.93;10.26;92.07;89.74
4218;0.4213;0.3877;0.3783;7.96;10.20;92.04;89.80
4219;0.4213;0.3879;0.3781;7.93;10.26;92.07;89.74
4220;0.4213;0.3876;0.3784;7.99;10.17;92.01;89.83
4221;0.4213;0.3879;0.3783;7.93;10.20;92.07;89.80
4222;0.4213;0.3877;0.3781;7.96;10.26;92.04;89.74
4223;0.4213;0.3880;0.3781;7.90;10.26;92.10;89.74
4224;0.4213;0.3877;0.3783;7.96;10.20;92.04;89.80
4225;0.4220;0.3845;0.3770;8.88;10.66;91.12;89.34
4226;0.4220;0.3879;0.3780;8.09;10.43;91.91;89.57
4227;0.4220;0.3881;0.3782;8.02;10.38;91.98;89.62
4228;0.4220;0.3876;0.3782;8.15;10.38;91.85;89.62
4229;0.4220;0.3877;0.3782;8.12;10.38;91.88;89.62
4230;0.4220;0.3879;0.3779;8.09;10.46;91.91;89.54
4231;0.4220;0.3877;0.3782;8.12;10.38;91.88;89.62
4232;0.4220;0.3879;0.3782;8.09;10.38;91.91;89.62
4233;0.4220;0.3875;0.3780;8.18;10.43;91.82;89.57
4234;0.4220;0.3879;0.3781;8.09;10.41;91.91;89.59
4235;0.4220;0.3883;0.3782;7.99;10.38;92.01;89.62
4236;0.4220;0.3875;0.3782;8.18;10.38;91.82;89.62
4237;0.4220;0.3877;0.3782;8.12;10.38;91.88;89.62
4238;0.4227;0.3850;0.3768;8.91;10.86;91.09;89.14
4239;0.4227;0.3875;0.3781;8.33;10.55;91.67;89.45
4240;0.4227;0.3875;0.3780;8.33;10.58;91.67;89.42
4241;0.4235;0.3853;0.3768;9.02;11.03;90.98;88.97
4242;0.4242;0.3876;0.3779;8.62;10.93;91.38;89.07
4243;0.4242;0.3880;0.3781;8.53;10.87;91.47;89.13
4244;0.4249;0.3848;0.3769;9.44;11.29;90.56;88.71
4245;0.4249;0.3876;0.3779;8.77;11.07;91.23;88.93
4246;0.4256;0.3861;0.3763;9.29;11.58;90.71;88.42
4247;0.4256;0.3875;0.3780;8.95;11.19;91.05;88.81
4248;0.4264;0.3865;0.3770;9.37;11.58;90.63;88.42
4249;0.4271;0.3879;0.3781;9.18;11.48;90.82;88.52
4250;0.4271;0.3883;0.3783;9.09;11.42;90.91;88.58
4251;0.4271;0.3876;0.3781;9.24;11.48;90.76;88.52
4252;0.4285;0.3853;0.3764;10.08;12.15;89.92;87.85
4253;0.4365;0.3861;0.3762;11.55;13.81;88.45;86.19
4254;0.4416;0.3858;0.3760;12.63;14.86;87.37;85.14
4255;0.4496;0.3919;0.3807;12.84;15.33;87.16;84.67
4256;0.4503;0.3916;0.3807;13.03;15.46;86.97;84.54
4257;0.4503;0.3917;0.3806;13.00;15.49;87.00;84.51
4258;0.4503;0.3916;0.5895;13.03;30.92;86.97;69.08
4259;0.4503;0.3919;0.3808;12.97;15.44;87.03;84.56
4260;0.4503;0.3921;0.3807;12.92;15.46;87.08;84.54
4261;0.4503;0.3924;0.3808;12.86;15.44;87.14;84.56
4262;0.4503;0.3921;0.5895;12.92;30.92;87.08;69.08
4263;0.4511;0.3920;0.3808;13.10;15.59;86.90;84.41
4264;0.4511;0.3917;0.3807;13.16;15.61;86.84;84.39
4265;0.4511;0.3921;0.3808;13.07;15.59;86.93;84.41
4266;0.4511;0.3924;0.3807;13.01;15.61;86.99;84.39
4267;0.4511;0.3920;0.3807;13.10;15.61;86.90;84.39
4268;0.4518;0.3920;0.3808;13.23;15.72;86.77;84.28
4269;0.4518;0.3924;0.5895;13.15;30.48;86.85;69.52
4270;0.4518;0.3921;0.3808;13.21;15.72;86.79;84.28
4271;0.4518;0.3923;0.3809;13.18;15.69;86.82;84.31
4272;0.4525;0.3923;0.3808;13.31;15.85;86.69;84.15
4273;0.4525;0.3921;0.3807;13.34;15.87;86.66;84.13
4274;0.4525;0.3920;0.5983;13.37;32.21;86.63;67.79
4275;0.4525;0.3923;0.5895;13.31;30.28;86.69;69.72
4276;0.4525;0.3919;0.6012;13.40;32.85;86.60;67.15
4277;0.4525;0.3920;0.3804;13.37;15.93;86.63;84.07
4278;0.4525;0.3924;0.5895;13.28;30.28;86.72;69.72
4279;0.4525;0.3920;0.3806;13.37;15.90;86.63;84.10
4280;0.4525;0.3920;0.3804;13.37;15.93;86.63;84.07
4281;0.4525;0.3921;0.3806;13.34;15.90;86.66;84.10
4282;0.4525;0.3921;0.3809;13.34;15.82;86.66;84.18
4283;0.4525;0.3923;0.5895;13.31;30.28;86.69;69.72
4284;0.4525;0.3925;0.3809;13.25;15.82;86.75;84.18
4285;0.4525;0.3924;0.5895;13.28;30.28;86.72;69.72
4286;0.4525;0.3924;0.3807;13.28;15.87;86.72;84.13
4287;0.4525;0.3924;0.6012;13.28;32.85;86.72;67.15
4288;0.4532;0.3923;0.3809;13.45;15.95;86.55;84.05
4289;0.4532;0.3924;0.3808;13.42;15.98;86.58;84.02
4290;0.4532;0.3920;0.5953;13.50;31.37;86.50;68.63
4291;0.4532;0.3921;0.5983;13.47;32.01;86.53;67.99
4292;0.4532;0.3919;0.5895;13.53;30.08;86.47;69.92
4293;0.4532;0.3924;0.5895;13.42;30.08;86.58;69.92
4294;0.4532;0.3925;0.3808;13.39;15.98;86.61;84.02
4295;0.4532;0.3923;0.3807;13.45;16.00;86.55;84.00
4296;0.4532;0.5938;0.3808;31.03;15.98;68.97;84.02
4297;0.4532;0.3925;0.3809;13.39;15.95;86.61;84.05
4298;0.4532;0.3925;0.5953;13.39;31.37;86.61;68.63
4299;0.4532;0.5938;0.5895;31.03;30.08;68.97;69.92
4300;0.4532;0.3924;0.3809;13.42;15.95;86.58;84.05
4301;0.4532;0.3924;0.5924;13.42;30.72;86.58;69.28
4302;0.4532;0.3925;0.3807;13.39;16.00;86.61;84.00
4303;0.4540;0.3921;0.5983;13.63;31.77;86.37;68.23
4304;0.4540;0.3925;0.3808;13.54;16.13;86.46;83.87
4305;0.4540;0.3919;0.3809;13.68;16.10;86.32;83.90
4306;0.4540;0.3924;0.3809;13.57;16.10;86.43;83.90
4307;0.4540;0.3923;0.3804;13.60;16.20;86.40;83.80
4308;0.4540;0.3924;0.3809;13.57;16.10;86.43;83.90
4309;0.4540;0.3925;0.3809;13.54;16.10;86.46;83.90
4310;0.4540;0.3924;0.5924;13.57;30.49;86.43;69.51
4311;0.4540;0.3925;0.3808;13.54;16.13;86.46;83.87
4312;0.4540;0.5938;0.5895;30.80;29.85;69.20;70.15
4313;0.4540;0.3923;0.3808;13.60;16.13;86.40;83.87
4314;0.4540;0.3923;0.3808;13.60;16.13;86.40;83.87
4315;0.4540;0.3925;0.3807;13.54;16.15;86.46;83.85
4316;0.4540;0.5987;0.5895;31.88;29.85;68.12;70.15
4317;0.4540;0.5938;0.3809;30.80;16.10;69.20;83.90
4318;0.4540;0.3925;0.5924;13.54;30.49;86.46;69.51
4319;0.4540;0.3925;0.3807;13.54;16.15;86.46;83.85
4320;0.4540;0.3925;0.3809;13.54;16.10;86.46;83.90
4321;0.4540;0.3924;0.5895;13.57;29.85;86.43;70.15
4322;0.4540;0.3925;0.3807;13.54;16.15;86.46;83.85
4323;0.4540;0.5938;0.5953;30.80;31.13;69.20;68.87
4324;0.4540;0.5938;0.5953;30.80;31.13;69.20;68.87
4325;0.4540;0.5938;0.5924;30.80;30.49;69.20;69.51
4326;0.4540;0.5963;0.5924;31.34;30.49;68.66;69.51
4327;0.4547;0.5938;0.3809;30.60;16.23;69.40;83.77
4328;0.4547;0.3917;0.3807;13.84;16.28;86.16;83.72
4329;0.4547;0.3924;0.3808;13.70;16.26;86.30;83.74
4330;0.4547;0.3923;0.5895;13.73;29.65;86.27;70.35
4331;0.4547;0.3923;0.5895;13.73;29.65;86.27;70.35
4332;0.4547;0.3924;0.3809;13.70;16.23;86.30;83.77
4333;0.4547;0.5938;0.3809;30.60;16.23;69.40;83.77
4334;0.4547;0.3925;0.3809;13.67;16.23;86.33;83.77
4335;0.4547;0.5987;0.6041;31.67;32.85;68.33;67.15
4336;0.4547;0.5938;0.5895;30.60;29.65;69.40;70.35
4337;0.4547;0.5938;0.5895;30.60;29.65;69.40;70.35
4338;0.4547;0.3924;0.3807;13.70;16.28;86.30;83.72
4339;0.4547;0.5963;0.3808;31.14;16.26;68.86;83.74
4340;0.4547;0.5938;0.5895;30.60;29.65;69.40;70.35
4341;0.4547;0.5938;0.5895;30.60;29.65;69.40;70.35
4342;0.4547;0.3925;0.3809;13.67;16.23;86.33;83.77
4343;0.4547;0.5963;0.3807;31.14;16.28;68.86;83.72
4344;0.4554;0.3923;0.5895;13.86;29.45;86.14;70.55
4345;0.4554;0.3923;0.5895;13.86;29.45;86.14;70.55
4346;0.4554;0.3923;0.3808;13.86;16.38;86.14;83.62
4347;0.4554;0.3924;0.3809;13.84;16.36;86.16;83.64
4348;0.4554;0.5987;0.3808;31.47;16.38;68.53;83.62
4349;0.4554;0.3925;0.5983;13.81;31.37;86.19;68.63
4350;0.4554;0.3925;0.3809;13.81;16.36;86.19;83.64
4351;0.4554;0.3925;0.5895;13.81;29.45;86.19;70.55
4352;0.4554;0.5963;0.5895;30.94;29.45;69.06;70.55
4353;0.4554;0.5938;0.3808;30.40;16.38;69.60;83.62
4354;0.4554;0.5987;0.5895;31.47;29.45;68.53;70.55
4355;0.4554;0.3925;0.3809;13.81;16.36;86.19;83.64
4356;0.4554;0.5963;0.5895;30.94;29.45;69.06;70.55
4357;0.4554;0.3925;0.3808;13.81;16.38;86.19;83.62
4358;0.4554;0.3925;0.5895;13.81;29.45;86.19;70.55
4359;0.4554;0.3925;0.3809;13.81;16.36;86.19;83.64
4360;0.4554;0.3924;0.3807;13.84;16.41;86.16;83.59
4361;0.4554;0.5938;0.3809;30.40;16.36;69.60;83.64
4362;0.4554;0.5987;0.3809;31.47;16.36;68.53;83.64
4363;0.4554;0.5987;0.5895;31.47;29.45;68.53;70.55
4364;0.4554;0.5987;0.6041;31.47;32.65;68.53;67.35
4365;0.4554;0.5963;0.5953;30.94;30.73;69.06;69.27
4366;0.4554;0.5963;0.5924;30.94;30.09;69.06;69.91
4367;0.4554;0.5963;0.5953;30.94;30.73;69.06;69.27
4368;0.4561;0.3924;0.3808;13.97;16.51;86.03;83.49
4369;0.4561;0.3924;0.3807;13.97;16.54;86.03;83.46
4370;0.4561;0.3924;0.5924;13.97;29.89;86.03;70.11
4371;0.4561;0.5987;0.5895;31.27;29.25;68.73;70.75
4372;0.4561;0.3924;0.5895;13.97;29.25;86.03;70.75
4373;0.4561;0.5938;0.3809;30.20;16.49;69.80;83.51
4374;0.4561;0.5938;0.3809;30.20;16.49;69.80;83.51
4375;0.4561;0.6012;0.5895;31.80;29.25;68.20;70.75
4376;0.4561;0.3925;0.6099;13.94;33.72;86.06;66.28
4377;0.4561;0.5963;0.3809;30.73;16.49;69.27;83.51
4378;0.4561;0.5963;0.5895;30.73;29.25;69.27;70.75
4379;0.4561;0.5963;0.3809;30.73;16.49;69.27;83.51
4380;0.4561;0.5987;0.3809;31.27;16.49;68.73;83.51
4381;0.4561;0.5963;0.3806;30.73;16.56;69.27;83.44
4382;0.4561;0.5963;0.3809;30.73;16.49;69.27;83.51
4383;0.4561;0.5987;0.3808;31.27;16.51;68.73;83.49
4384;0.4561;0.5987;0.5924;31.27;29.89;68.73;70.11
4385;0.4569;0.5987;0.3807;31.04;16.68;68.96;83.32
4386;0.4569;0.5938;0.5924;29.97;29.66;70.03;70.34
4387;0.4569;0.5987;0.3809;31.04;16.63;68.96;83.37
4388;0.4569;0.6012;0.3809;31.57;16.63;68.43;83.37
4389;0.4569;0.5963;0.5895;30.51;29.03;69.49;70.97
4390;0.4569;0.5963;0.3809;30.51;16.63;69.49;83.37
4391;0.4569;0.5963;0.3809;30.51;16.63;69.49;83.37
4392;0.4569;0.5963;0.3807;30.51;16.68;69.49;83.32
4393;0.4569;0.5987;0.5924;31.04;29.66;68.96;70.34
4394;0.4569;0.5987;0.5924;31.04;29.66;68.96;70.34
4395;0.4569;0.3924;0.5895;14.12;29.03;85.88;70.97
4396;0.4569;0.5987;0.5983;31.04;30.94;68.96;69.06
4397;0.4569;0.5963;0.3809;30.51;16.63;69.49;83.37
4398;0.4569;0.5987;0.5924;31.04;29.66;68.96;70.34
4399;0.4576;0.5938;0.5953;29.77;30.10;70.23;69.90
4400;0.4576;0.5963;0.5895;30.31;28.83;69.69;71.17
4401;0.4576;0.5963;0.5983;30.31;30.74;69.69;69.26
4402;0.4576;0.3925;0.5895;14.22;28.83;85.78;71.17
4403;0.4576;0.5938;0.3809;29.77;16.76;70.23;83.24
4404;0.4576;0.5938;0.3808;29.77;16.79;70.23;83.21
4405;0.4576;0.3925;0.5895;14.22;28.83;85.78;71.17
4406;0.4576;0.5963;0.3808;30.31;16.79;69.69;83.21
4407;0.4576;0.5963;0.5895;30.31;28.83;69.69;71.17
4408;0.4576;0.3925;0.5895;14.22;28.83;85.78;71.17
4409;0.4576;0.3925;0.5895;14.22;28.83;85.78;71.17
4410;0.4576;0.6012;0.5895;31.37;28.83;68.63;71.17
4411;0.4576;0.3925;0.3809;14.22;16.76;85.78;83.24
4412;0.4576;0.5963;0.5924;30.31;29.47;69.69;70.53
4413;0.4576;0.5987;0.5983;30.84;30.74;69.16;69.26
4414;0.4583;0.5963;0.3809;30.11;16.89;69.89;83.11
4415;0.4583;0.6012;0.5895;31.17;28.63;68.83;71.37
4416;0.4583;0.5963;0.5983;30.11;30.54;69.89;69.46
4417;0.4583;0.6012;0.3809;31.17;16.89;68.83;83.11
4418;0.4583;0.6036;0.5953;31.70;29.90;68.30;70.10
4419;0.4583;0.6085;0.5983;32.76;30.54;67.24;69.46
4420;0.4583;0.5963;0.5895;30.11;28.63;69.89;71.37
4421;0.4583;0.5987;0.5924;30.64;29.27;69.36;70.73
4422;0.4583;0.5987;0.5895;30.64;28.63;69.36;71.37
4423;0.4583;0.5963;0.5924;30.11;29.27;69.89;70.73
4424;0.4583;0.5963;0.5953;30.11;29.90;69.89;70.10
4425;0.4583;0.6012;0.5983;31.17;30.54;68.83;69.46
4426;0.4583;0.5987;0.5924;30.64;29.27;69.36;70.73
4427;0.4590;0.6012;0.3809;30.97;17.01;69.03;82.99
4428;0.4590;0.5938;0.5953;29.38;29.71;70.62;70.29
4429;0.6573;0.6739;0.6739;2.53;2.53;97.47;97.47
4430;0.6581;0.6739;0.6739;2.40;2.40;97.60;97.60
4431;0.6588;0.6718;0.6739;1.97;2.29;98.03;97.71
4432;0.6588;0.6693;0.6652;1.60;0.97;98.40;99.03
4433;0.6588;0.6693;0.6739;1.60;2.29;98.40;97.71
4434;0.6595;0.6739;0.6710;2.18;1.74;97.82;98.26
4435;0.6595;0.6739;0.6739;2.18;2.19;97.82;97.81
4436;0.6610;0.6693;0.6739;1.26;1.95;98.74;98.05
4437;0.6617;0.6739;0.6710;1.84;1.41;98.16;98.59
4438;0.6624;0.6693;0.6652;1.05;0.42;98.95;99.58
4439;0.6624;0.6669;0.6739;0.68;1.74;99.32;98.26
4440;0.6631;0.6693;0.6739;0.94;1.63;99.06;98.37
4441;0.6639;0.6739;0.6739;1.51;1.51;98.49;98.49
4442;0.6639;0.6739;0.6739;1.51;1.51;98.49;98.49
4443;0.6646;0.6739;0.6710;1.40;0.96;98.60;99.04
4444;0.6653;0.6739;0.6710;1.29;0.86;98.71;99.14
4445;0.6661;0.6739;0.6739;1.17;1.17;98.83;98.83
4446;0.6668;0.6693;0.6739;0.38;1.06;99.62;98.94
4447;0.6668;0.6739;0.6739;1.06;1.06;98.94;98.94
4448;0.6675;0.6693;0.6739;0.27;0.96;99.73;99.04
4449;0.6675;0.6739;0.6739;0.96;0.96;99.04;99.04
4450;0.6682;0.6739;0.6739;0.85;0.86;99.15;99.14
4451;0.6682;0.6718;0.6739;0.53;0.86;99.47;99.14
4452;0.6690;0.6739;0.6739;0.73;0.73;99.27;99.27
4453;0.6690;0.6718;0.6710;0.41;0.30;99.59;99.70
4454;0.6690;0.6739;0.6739;0.73;0.73;99.27;99.27
4455;0.6690;0.6718;0.6710;0.41;0.30;99.59;99.70
4456;0.6690;0.6739;0.6710;0.73;0.30;99.27;99.70
4457;0.6697;0.6739;0.6739;0.63;0.63;99.37;99.37
4458;0.6697;0.6693;0.6739;0.06;0.63;99.94;99.37
4459;0.6697;0.6739;0.6739;0.63;0.63;99.37;99.37
4460;0.6704;0.6718;0.6739;0.20;0.52;99.80;99.48
4461;0.6704;0.6739;0.6623;0.52;1.21;99.48;98.79
4462;0.6704;0.6739;0.6739;0.52;0.52;99.48;99.48
4463;0.6711;0.6739;0.6710;0.42;0.01;99.58;99.99
4464;0.6711;0.6645;0.6739;0.99;0.42;99.01;99.58
4465;0.6711;0.6739;0.6710;0.42;0.01;99.58;99.99
4466;0.6711;0.6739;0.6739;0.42;0.42;99.58;99.58
4467;0.6719;0.6718;0.6739;0.02;0.30;99.98;99.70
4468;0.6719;0.6645;0.6739;1.11;0.30;98.89;99.70
4469;0.6719;0.6620;0.6710;1.47;0.13;98.53;99.87
4470;0.6719;0.6693;0.6710;0.38;0.13;99.62;99.87
4471;0.6719;0.6739;0.6710;0.30;0.13;99.70;99.87
4472;0.6719;0.6739;0.6739;0.30;0.30;99.70;99.70
4473;0.6726;0.6718;0.6739;0.12;0.19;99.88;99.81
4474;0.6726;0.6739;0.6681;0.19;0.67;99.81;99.33
4475;0.6733;0.6739;0.6681;0.09;0.77;99.91;99.23
4476;0.6733;0.6739;0.6739;0.09;0.09;99.91;99.91
4477;0.6740;0.6739;0.6739;0.01;0.01;99.99;99.99
4478;0.6740;0.6669;0.6739;1.05;0.01;98.95;99.99
4479;0.6740;0.6718;0.6739;0.33;0.01;99.67;99.99
4480;0.6740;0.6739;0.6739;0.01;0.01;99.99;99.99
4481;0.6740;0.6739;0.6739;0.01;0.01;99.99;99.99
4482;0.6740;0.6739;0.6710;0.01;0.44;99.99;99.56
4483;0.6740;0.6739;0.6739;0.01;0.01;99.99;99.99
4484;0.6748;0.6739;0.6739;0.13;0.13;99.87;99.87
4485;0.6748;0.6739;0.6739;0.13;0.13;99.87;99.87
4486;0.6755;0.6718;0.6681;0.55;1.10;99.45;98.90
4487;0.6755;0.6718;0.6739;0.55;0.24;99.45;99.76
4488;0.6755;0.6739;0.6739;0.24;0.24;99.76;99.76
4489;0.6755;0.6739;0.6710;0.24;0.67;99.76;99.33
4490;0.6755;0.6739;0.6739;0.24;0.23;99.76;99.77
4491;0.6755;0.6739;0.6739;0.24;0.24;99.76;99.76
4492;0.6762;0.6718;0.6710;0.66;0.77;99.34;99.23
4493;0.6762;0.6739;0.6710;0.34;0.77;99.66;99.23
4494;0.6762;0.6739;0.6739;0.34;0.34;99.66;99.66
4495;0.6769;0.6739;0.6739;0.44;0.44;99.56;99.56
4496;0.6769;0.6739;0.6739;0.44;0.44;99.56;99.56
4497;0.6769;0.6739;0.6710;0.44;0.87;99.56;99.13
4498;0.6769;0.6739;0.6710;0.44;0.87;99.56;99.13
4499;0.6777;0.6739;0.6681;0.56;1.42;99.44;98.58
4500;0.6777;0.6739;0.6710;0.56;0.99;99.44;99.01
4501;0.6784;0.6739;0.6739;0.66;0.66;99.34;99.34
4502;0.6784;0.6739;0.6710;0.66;1.09;99.34;98.91
4503;0.6784;0.6739;0.6710;0.66;1.09;99.34;98.91
4504;0.6791;0.6693;0.6739;1.44;0.77;98.56;99.23
4505;0.6791;0.6739;0.6739;0.77;0.76;99.23;99.24
4506;0.6791;0.6739;0.6681;0.77;1.62;99.23;98.38
4507;0.6799;0.6739;0.6623;0.88;2.59;99.12;97.41
4508;0.6799;0.6620;0.6739;2.63;0.88;97.37;99.12
4509;0.6799;0.6718;0.6710;1.20;1.31;98.80;98.69
4510;0.6799;0.6739;0.6710;0.88;1.31;99.12;98.69
4511;0.6799;0.6739;0.6739;0.88;0.88;99.12;99.12
4512;0.6799;0.6669;0.6739;1.91;0.88;98.09;99.12
4513;0.6799;0.6669;0.6681;1.91;1.74;98.09;98.26
4514;0.6799;0.6739;0.6739;0.88;0.88;99.12;99.12
4515;0.6799;0.6739;0.6739;0.88;0.88;99.12;99.12
4516;0.6806;0.6739;0.6739;0.98;0.98;99.02;99.02
4517;0.6806;0.6739;0.6739;0.98;0.98;99.02;99.02
4518;0.6806;0.6739;0.6594;0.98;3.12;99.02;96.88
4519;0.6806;0.6739;0.6739;0.98;0.98;99.02;99.02
4520;0.6806;0.6739;0.6739;0.98;0.98;99.02;99.02
4521;0.6813;0.6693;0.6710;1.76;1.51;98.24;98.49
4522;0.6813;0.6739;0.6739;1.09;1.09;98.91;98.91
4523;0.6813;0.6718;0.6739;1.40;1.09;98.60;98.91
4524;0.6813;0.6739;0.6739;1.09;1.08;98.91;98.92
4525;0.6813;0.6693;0.6739;1.76;1.08;98.24;98.92
4526;0.6813;0.6645;0.6739;2.47;1.09;97.53;98.91
4527;0.6813;0.6645;0.6739;2.47;1.09;97.53;98.91
4528;0.6813;0.6718;0.6739;1.40;1.09;98.60;98.91
4529;0.6820;0.6739;0.6710;1.19;1.61;98.81;98.39
4530;0.6820;0.6693;0.6739;1.86;1.19;98.14;98.81
4531;0.6820;0.6669;0.6739;2.22;1.19;97.78;98.81
4532;0.6820;0.6739;0.6739;1.19;1.19;98.81;98.81
4533;0.6820;0.6739;0.6710;1.19;1.61;98.81;98.39
4534;0.6820;0.6718;0.6739;1.50;1.19;98.50;98.81
4535;0.6820;0.6739;0.6710;1.19;1.61;98.81;98.39
4536;0.6828;0.6669;0.6739;2.33;1.30;97.67;98.70
4537;0.6828;0.6739;0.6739;1.30;1.30;98.70;98.70
4538;0.6828;0.6739;0.6739;1.30;1.30;98.70;98.70
4539;0.6828;0.6739;0.6710;1.30;1.73;98.70;98.27
4540;0.6835;0.6718;0.6739;1.72;1.40;98.28;98.60
4541;0.6835;0.6739;0.6739;1.40;1.40;98.60;98.60
x;0.3293;0.3192;0.3137;5.40;6.84;94.60;93.16
